video_name,status,brand,product,ad_type,reduction_rate
-1yXdOufzKE.mp4,success,"{'brand_name_text': 'COLORADO', 'logo_visible': True, 'logo_timestamps': [27.4, 28.2], 'brand_text_contrast': 'high'}","{'product_name': 'Colorado Tourism', 'industry': 'Vacation and travel'}",brand_awareness,0.9158878504672897
-5X2kzIDroA.mp4,success,"{'brand_name_text': 'Bio', 'logo_visible': True, 'logo_timestamps': [52.8, 54.8, 55.6], 'brand_text_contrast': 'high'}","{'product_name': 'bio-pharmaceutical medicines', 'industry': 'Healthcare'}",brand_awareness,0.8066037735849056
-5zYYZpuTbU.mp4,success,"{'brand_name_text': 'Sword of Chaos', 'logo_visible': True, 'logo_timestamps': [28.2], 'brand_text_contrast': 'high'}","{'product_name': 'Sword of Chaos', 'industry': 'Games and toys'}",entertainment,0.9073359073359073
-DFuMqROFCQ.mp4,success,"{'brand_name_text': 'Coca-Cola', 'logo_visible': True, 'logo_timestamps': [28.1, 30.3], 'brand_text_contrast': 'medium'}","{'product_name': 'Coca-Cola', 'industry': 'Soda, juice, milk, energy drinks, water'}",brand_awareness,0.8958333333333334
-GXvYexMoZY.mp4,success,"{'brand_name_text': 'PlayStation', 'logo_visible': True, 'logo_timestamps': [3.7, 7.2, 8.9, 9.1, 10.8, 13.5, 16.3, 17.2, 18.8, 21.2, 23.1, 26.1, 28.8, 30.6, 33.6, 35.7, 36.9, 41.5, 44.7, 49.3, 51.1, 53.0, 54.4, 60.1, 63.1, 65.0, 68.3, 70.0, 72.9, 74.8, 77.8, 83.5, 84.5], 'brand_text_contrast': 'high'}","{'product_name': 'PlayStation VR', 'industry': 'Games and toys'}",entertainment,0.8457142857142858
-HWd3Nqu8_0.mp4,success,"{'brand_name_text': 'GAME OF WAR', 'logo_visible': True, 'logo_timestamps': [52.7, 53.4, 56.2, 57.2, 57.3, 58.8], 'brand_text_contrast': 'high'}","{'product_name': 'Game of War: Fire Age', 'industry': 'Games and toys'}",entertainment,0.726027397260274
-KSKkmypTZM.mp4,success,"{'brand_name_text': 'Late Show with David Letterman', 'logo_visible': False, 'logo_timestamps': [], 'brand_text_contrast': 'low'}","{'product_name': 'Late Show with David Letterman', 'industry': 'Media & Entertainment'}",entertainment,0.8620689655172413
-U3LjDN8ErI.mp4,success,"{'brand_name_text': 'tbs', 'logo_visible': True, 'logo_timestamps': [19.1], 'brand_text_contrast': 'high'}","{'product_name': 'Separation Anxiety', 'industry': 'Media and arts'}",entertainment,0.7096774193548387
-UGQp9pfU_Q.mp4,success,"{'brand_name_text': 'NESCAFÉ Classic', 'logo_visible': True, 'logo_timestamps': [13.4, 14.0, 18.6, 23.2, 24.9, 56.1], 'brand_text_contrast': 'high'}","{'product_name': 'NESCAFÉ Classic', 'industry': 'Food & Beverage'}",product_demo,0.8314176245210728
-VmCOAGhHkM.mp4,success,"{'brand_name_text': 'Rosetta Stone', 'logo_visible': True, 'logo_timestamps': [0.0], 'brand_text_contrast': 'high'}","{'product_name': 'Rosetta Stone language learning software', 'industry': 'Software'}",entertainment,0.8095238095238095
-XidtaAetyQ.mp4,success,"{'brand_name_text': 'American Petroleum Institute (API)', 'logo_visible': True, 'logo_timestamps': [14.0], 'brand_text_contrast': 'high'}","{'product_name': 'Pro-energy policies advocacy', 'industry': 'Energy'}",testimonial,0.7619047619047619
-XzQcpcgCKY.mp4,success,"{'brand_name_text': 'Balzac', 'logo_visible': True, 'logo_timestamps': [16.4, 16.8, 17.3, 18.1, 19.2, 19.9, 20.6, 25.2, 25.6, 26.4, 26.6, 27.8], 'brand_text_contrast': 'high'}","{'product_name': 'Balzac Balloon Ball', 'industry': 'Games and toys'}",product_demo,0.8652173913043478
-aR3Gpsn4v4.mp4,success,"{'brand_name_text': ""Obama '08"", 'logo_visible': True, 'logo_timestamps': [29.9], 'brand_text_contrast': 'high'}","{'product_name': 'Barack Obama (Presidential Candidate)', 'industry': 'Political Campaign'}",testimonial,0.8913043478260869
-c7Ca2CY6x8.mp4,success,"{'brand_name_text': 'Dettol', 'logo_visible': True, 'logo_timestamps': [34.4], 'brand_text_contrast': 'high'}","{'product_name': 'Dettol Original Soap', 'industry': 'Cleaning products'}",brand_awareness,0.8
-g8vTq06KUI.mp4,success,"{'brand_name_text': 'Quest Bar', 'logo_visible': True, 'logo_timestamps': [0.5, 1.7, 2.4, 3.5, 4.3, 10.5, 15.6], 'brand_text_contrast': 'high'}","{'product_name': 'Quest Bar Cookies & Cream', 'industry': 'food & beverage'}",tutorial,0.8365384615384616
-iKqr230U9M.mp4,success,"{'brand_name_text': 'Human Rights Campaign', 'logo_visible': True, 'logo_timestamps': [21.4], 'brand_text_contrast': 'high'}","{'product_name': 'Marriage Equality Advocacy', 'industry': 'Human Rights'}",testimonial,0.84375
-ijH3cRJ1BY.mp4,success,"{'brand_name_text': 'DELL', 'logo_visible': True, 'logo_timestamps': [21.9, 22.8, 24.4, 27.1], 'brand_text_contrast': 'high'}","{'product_name': 'Dell Inspiron laptop', 'industry': 'Electronics'}",entertainment,0.780952380952381
-kwRrnS5vV4.mp4,success,"{'brand_name_text': 'LIVITA', 'logo_visible': True, 'logo_timestamps': [0.7, 15.7, 17.3], 'brand_text_contrast': 'high'}","{'product_name': 'Livita Energy Drink', 'industry': 'Food & Beverage'}",brand_awareness,0.8426966292134832
-nYhixp7bXI.mp4,success,"{'brand_name_text': 'Berocca', 'logo_visible': True, 'logo_timestamps': [26.2, 27.8], 'brand_text_contrast': 'high'}","{'product_name': 'Berocca effervescent tablets', 'industry': 'Healthcare and medications'}",entertainment,0.83206106870229
-rYZwYEpCds.mp4,success,"{'brand_name_text': 'KING', 'logo_visible': True, 'logo_timestamps': [13.2, 15.1, 23.6, 27.4, 32.3, 33.4, 38.0, 42.0], 'brand_text_contrast': 'high'}","{'product_name': 'King Crisps', 'industry': 'Chips, snacks, nuts, fruit, gum, cereal, yogurt, soups'}",entertainment,0.6
-usbQDfTIqE.mp4,success,"{'brand_name_text': 'PARKER BROTHERS', 'logo_visible': True, 'logo_timestamps': [25.6, 28.8, 29.5], 'brand_text_contrast': 'high'}","{'product_name': 'Spider-Man Video Game Cartridge', 'industry': 'Games and toys'}",entertainment,0.9529411764705882
-wXjs6DXoeY.mp4,success,"{'brand_name_text': 'IKEA', 'logo_visible': False, 'logo_timestamps': [], 'brand_text_contrast': 'low'}","{'product_name': 'Hensvik baby crib', 'industry': 'Home improvements and repairs'}",entertainment,0.7926829268292683
-xK80YG33q0.mp4,success,"{'brand_name_text': 'eyeconic', 'logo_visible': True, 'logo_timestamps': [16.2, 18.4, 20.2, 22.7, 24.8, 49.0], 'brand_text_contrast': 'high'}","{'product_name': 'Eyeglasses', 'industry': 'Clothing and accessories'}",testimonial,0.8777777777777778
0-U4Yr9UNBo.mp4,success,"{'brand_name_text': 'Nokia', 'logo_visible': True, 'logo_timestamps': [51.0, 55.0, 56.0, 59.5], 'brand_text_contrast': 'high'}","{'product_name': 'Nokia Lumia 920', 'industry': 'Electronics'}",entertainment,0.8313725490196078
064ipuBiWDg.mp4,success,"{'brand_name_text': 'apolosophy', 'logo_visible': True, 'logo_timestamps': [11.1, 59.4], 'brand_text_contrast': 'high'}","{'product_name': 'Childhood cancer donation', 'industry': 'Charities'}",brand_awareness,0.6829268292682926
07i6PO1gP10.mp4,success,"{'brand_name_text': 'Kiera Cass, HarperTeen, Epic Reads', 'logo_visible': True, 'logo_timestamps': [52.5, 64.0, 66.6, 73.6, 74.3], 'brand_text_contrast': 'high'}","{'product_name': 'The Siren', 'industry': 'Media and arts'}",entertainment,0.9265734265734266
08ySTcxh_cU.mp4,success,"{'brand_name_text': 'EMILY & MERITT for pottery barn kids', 'logo_visible': True, 'logo_timestamps': [0.7, 27.6, 27.9], 'brand_text_contrast': 'medium'}","{'product_name': 'Emily & Meritt nursery collection', 'industry': 'Home Decor & Furniture'}",brand_awareness,0.6875
0A43tb18T8Y.mp4,success,"{'brand_name_text': 'Diet Mountain Dew', 'logo_visible': True, 'logo_timestamps': [0.0, 20.6, 21.7, 23.4, 29.1, 29.4, 29.8, 31.1], 'brand_text_contrast': 'high'}","{'product_name': 'Diet Mountain Dew', 'industry': 'Soda, juice, milk, energy drinks, water'}",entertainment,0.8628571428571429
0AHGLGQgAn8.mp4,success,"{'brand_name_text': 'TAC', 'logo_visible': True, 'logo_timestamps': [26.1], 'brand_text_contrast': 'high'}","{'product_name': 'Road Safety PSA', 'industry': 'Safety'}",brand_awareness,0.9033816425120773
0A_35Z4eQfg.mp4,success,"{'brand_name_text': 'grand theft auto', 'logo_visible': True, 'logo_timestamps': [8.6, 43.0], 'brand_text_contrast': 'high'}","{'product_name': 'Grand Theft Auto Online: Cunning Stunts', 'industry': 'Games'}",entertainment,0.8447653429602888
0B79RkBxSgU.mp4,success,"{'brand_name_text': 'Diet Pepsi', 'logo_visible': True, 'logo_timestamps': [3.6, 5.8, 12.7, 20.2, 21.8, 22.6, 25.2, 28.4, 29.1], 'brand_text_contrast': 'high'}","{'product_name': 'Diet Pepsi', 'industry': 'Soda, juice, milk, energy drinks, water'}",entertainment,0.6923076923076923
0G7g9lw20l4.mp4,success,"{'brand_name_text': 'DC', 'logo_visible': True, 'logo_timestamps': [15.1, 15.6, 44.2, 44.9, 57.0], 'brand_text_contrast': 'high'}","{'product_name': 'Skateboarding shoes and apparel', 'industry': 'Clothing and accessories'}",brand_awareness,0.9070422535211268
0P3A6V_sDSI.mp4,success,"{'brand_name_text': 'ICICI Bank Money2India', 'logo_visible': True, 'logo_timestamps': [4.6, 6.3, 16.6, 21.2, 22.9, 26.6], 'brand_text_contrast': 'high'}","{'product_name': 'Money2India', 'industry': 'Financial services'}",product_demo,0.6041666666666667
0QkZL3l1t-w.mp4,success,"{'brand_name_text': 'Donald Trump', 'logo_visible': True, 'logo_timestamps': [6.5, 10.0, 19.8, 22.7, 29.1, 46.5, 59.4, 93.5, 97.0], 'brand_text_contrast': 'high'}","{'product_name': 'Donald Trump for President 2016', 'industry': 'Political campaign'}",brand_awareness,0.8346613545816733
0UoJyED73bQ.mp4,success,"{'brand_name_text': 'SAMSUNG', 'logo_visible': True, 'logo_timestamps': [38.1, 52.5, 55.5, 58.0], 'brand_text_contrast': 'high'}","{'product_name': 'Samsung Galaxy smartphone', 'industry': 'technology'}",brand_awareness,0.8848484848484849
0cP-qr1JUBI.mp4,success,"{'brand_name_text': 'nike', 'logo_visible': True, 'logo_timestamps': [0.0, 7.9, 25.2, 27.9, 29.2, 30.3, 31.8, 32.4, 34.1, 37.5, 55.5, 73.7, 91.7], 'brand_text_contrast': 'medium'}","{'product_name': 'Nike soccer ball and apparel', 'industry': 'Sports equipment and apparel'}",brand_awareness,0.6574074074074074
0eN9KP6lOZs.mp4,success,"{'brand_name_text': ""McDonald's"", 'logo_visible': True, 'logo_timestamps': [0.1, 58.0], 'brand_text_contrast': 'high'}","{'product_name': 'Happy Meal', 'industry': 'food & beverage'}",brand_awareness,0.8487179487179487
0gYBy1rECII.mp4,success,"{'brand_name_text': 'Cookie Jam', 'logo_visible': True, 'logo_timestamps': [10.7], 'brand_text_contrast': 'high'}","{'product_name': 'Cookie Jam', 'industry': 'Games and toys'}",product_demo,0.9589041095890412
0gjRzLqXijQ.mp4,success,"{'brand_name_text': 'THE LAW OFFICES OF SCOTT WARMUTH', 'logo_visible': True, 'logo_timestamps': [29.9, 30.6], 'brand_text_contrast': 'high'}","{'product_name': 'Legal services for personal injury', 'industry': 'Legal Services'}",brand_awareness,0.8622448979591837
0jBFyck8J5A.mp4,success,"{'brand_name_text': 'Bernie Sanders', 'logo_visible': True, 'logo_timestamps': [28.1], 'brand_text_contrast': 'high'}","{'product_name': 'Bernie Sanders for President', 'industry': 'Political'}",testimonial,0.7241379310344828
0ji_-OJlVbI.mp4,success,"{'brand_name_text': 'CARR NISSAN', 'logo_visible': True, 'logo_timestamps': [15.2, 31.6, 94.2], 'brand_text_contrast': 'high'}","{'product_name': 'Nissan Frontier', 'industry': 'automotive'}",entertainment,0.5968992248062015
0rFt8QE4lkQ.mp4,success,"{'brand_name_text': '4imprint', 'logo_visible': True, 'logo_timestamps': [0.0, 6.7, 7.9, 15.2], 'brand_text_contrast': 'high'}","{'product_name': 'Promotional products and printing services', 'industry': 'Other services'}",entertainment,0.7727272727272727
0tteHhYh9rU.mp4,success,"{'brand_name_text': None, 'logo_visible': False, 'logo_timestamps': [], 'brand_text_contrast': 'low'}","{'product_name': 'Road Safety Awareness', 'industry': 'Public Service'}",brand_awareness,0.6799999999999999
111MTs7MGuw.mp4,success,"{'brand_name_text': 'HILLARY FOR AMERICA', 'logo_visible': False, 'logo_timestamps': [], 'brand_text_contrast': 'medium'}","{'product_name': 'Hillary Clinton', 'industry': 'Political candidates (support or opposition)'}",testimonial,0.7567567567567568
14X98i8psts.mp4,success,"{'brand_name_text': 'HOOVER TOYOTA', 'logo_visible': True, 'logo_timestamps': [14.9], 'brand_text_contrast': 'high'}","{'product_name': 'Used Car Sales and Inspection Service', 'industry': 'Automotive'}",brand_awareness,0.85
17j5QzF3kqE.mp4,success,"{'brand_name_text': None, 'logo_visible': False, 'logo_timestamps': [], 'brand_text_contrast': 'low'}","{'product_name': 'Body Image Awareness PSA', 'industry': 'Advocacy'}",brand_awareness,0.8947368421052632
19EW551nCS4.mp4,success,"{'brand_name_text': 'common sense media', 'logo_visible': True, 'logo_timestamps': [23.9], 'brand_text_contrast': 'high'}","{'product_name': 'Media ratings and reviews for parents', 'industry': 'Media and arts'}",brand_awareness,0.8421052631578947
1AIDh3-sGW0.mp4,success,"{'brand_name_text': 'AUDEMARS PIGUET', 'logo_visible': True, 'logo_timestamps': [35.0, 35.4, 41.6, 42.6, 46.9, 48.3, 88.5, 88.8, 89.2], 'brand_text_contrast': 'high'}","{'product_name': 'Royal Oak luxury watches', 'industry': 'Clothing and accessories'}",brand_awareness,0.8680851063829788
1DHo8fYFsd0.mp4,success,"{'brand_name_text': 'Brisk', 'logo_visible': True, 'logo_timestamps': [18.4, 24.1, 25.9, 27.6, 28.1, 28.7], 'brand_text_contrast': 'high'}","{'product_name': 'Brisk Iced Tea', 'industry': 'Food & Beverage'}",entertainment,0.78
1Fki1SJ17kQ.mp4,success,"{'brand_name_text': 'Google', 'logo_visible': True, 'logo_timestamps': [1.2, 13.9, 14.9, 42.5, 65.3, 67.9, 68.7], 'brand_text_contrast': 'high'}","{'product_name': 'Google Chrome and Google Apps', 'industry': 'technology'}",testimonial,0.75
1GvKSd5g8eA.mp4,success,"{'brand_name_text': 'KILLINGSWORTH ENVIRONMENTAL', 'logo_visible': True, 'logo_timestamps': [0.0, 2.5, 4.0, 5.5, 5.8, 6.9, 7.2, 9.0, 13.1], 'brand_text_contrast': 'high'}","{'product_name': 'Lawn care, mosquito control, and home solutions', 'industry': 'Home improvements and repairs'}",product_demo,0.6086956521739131
1KPPtmE079M.mp4,success,"{'brand_name_text': 'saucony', 'logo_visible': True, 'logo_timestamps': [1.3, 30.5, 30.9, 60.4], 'brand_text_contrast': 'high'}","{'product_name': 'Running shoes and apparel', 'industry': 'Clothing and accessories'}",brand_awareness,0.8273381294964028
1KkVdbUr250.mp4,success,"{'brand_name_text': 'MALALA FUND', 'logo_visible': True, 'logo_timestamps': [11.9], 'brand_text_contrast': 'medium'}","{'product_name': ""Girls' education advocacy"", 'industry': 'Non-profit / Human Rights'}",brand_awareness,0.8
1Pahqq-1hp0.mp4,success,"{'brand_name_text': 'vitaminwater', 'logo_visible': True, 'logo_timestamps': [0.9, 2.7, 50.9, 56.1, 57.6], 'brand_text_contrast': 'medium'}","{'product_name': 'vitaminwater Triple X', 'industry': 'food & beverage'}",entertainment,0.8131313131313131
1SlSxuhLJVE.mp4,success,"{'brand_name_text': 'Carlsberg', 'logo_visible': True, 'logo_timestamps': [23.4, 35.0], 'brand_text_contrast': 'medium'}","{'product_name': 'Carlsberg Beer', 'industry': 'Alcohol'}",entertainment,0.375
1TS0yS0sUaM.mp4,success,"{'brand_name_text': 'CONNECTICUT RETAIL MERCHANTS ASSOCIATION', 'logo_visible': True, 'logo_timestamps': [3.9, 9.6, 29.1, 30.4, 36.4, 41.9, 58.9], 'brand_text_contrast': 'high'}","{'product_name': 'Retail Industry in Connecticut', 'industry': 'Retail'}",brand_awareness,0.5648148148148149
1USbTGYv9ZM.mp4,success,"{'brand_name_text': 'Comfyballs', 'logo_visible': True, 'logo_timestamps': [11.1, 14.1, 21.4, 23.8, 46.3, 59.9, 66.5, 78.2], 'brand_text_contrast': 'high'}","{'product_name': 'Underwear', 'industry': 'Clothing'}",entertainment,0.8113207547169812
1WlRcXIO5ik.mp4,success,"{'brand_name_text': 'Barclaycard', 'logo_visible': True, 'logo_timestamps': [20.9], 'brand_text_contrast': 'medium'}","{'product_name': 'Barclaycard Contactless Payment', 'industry': 'Financial services'}",brand_awareness,0.6168831168831168
1XLyCDsKhGo.mp4,success,"{'brand_name_text': 'NISSAN', 'logo_visible': True, 'logo_timestamps': [59.1], 'brand_text_contrast': 'high'}","{'product_name': 'Nissan Turbo Z', 'industry': 'automotive'}",entertainment,0.911504424778761
1Yq6W7YAHM4.mp4,success,"{'brand_name_text': 'BuzzFeed presents', 'logo_visible': True, 'logo_timestamps': [78.3, 79.1], 'brand_text_contrast': 'high'}","{'product_name': 'Mental Health Awareness', 'industry': 'Media and arts'}",brand_awareness,0.7651515151515151
1dc1eKHgy_o.mp4,success,"{'brand_name_text': 'BRIDGESTONE', 'logo_visible': True, 'logo_timestamps': [26.6], 'brand_text_contrast': 'high'}","{'product_name': 'Tires', 'industry': 'automotive'}",entertainment,0.7551020408163265
1fqAvkpW5yY.mp4,success,"{'brand_name_text': ""PAPA JOHN'S"", 'logo_visible': True, 'logo_timestamps': [0.0, 3.2, 5.4, 13.6, 13.8], 'brand_text_contrast': 'high'}","{'product_name': 'Pizza', 'industry': 'Restaurants, cafe, fast food'}",product_demo,0.8113207547169812
1j6YA03hm4k.mp4,success,"{'brand_name_text': ""Concerned Children's Advertisers"", 'logo_visible': True, 'logo_timestamps': [29.1], 'brand_text_contrast': 'medium'}","{'product_name': 'Anti-bullying awareness', 'industry': 'Non-profit / Public Service'}",brand_awareness,0.8111888111888113
1krJqn3smbI.mp4,success,"{'brand_name_text': ""Carl's Jr. Hardee's"", 'logo_visible': True, 'logo_timestamps': [65.5], 'brand_text_contrast': 'high'}","{'product_name': 'Memphis barbecue burger', 'industry': 'Fast food'}",entertainment,0.808695652173913
1qB0lb401ZU.mp4,success,"{'brand_name_text': 'VW', 'logo_visible': True, 'logo_timestamps': [51.1, 55.6], 'brand_text_contrast': 'high'}","{'product_name': 'Volkswagen Beetle', 'industry': 'automotive'}",product_demo,0.9367088607594937
1sElYG7LmUU.mp4,success,"{'brand_name_text': 'Nike', 'logo_visible': True, 'logo_timestamps': [10.1, 50.6, 65.7], 'brand_text_contrast': 'low'}","{'product_name': 'Nike Free running shoes', 'industry': 'Sports equipment and activities'}",brand_awareness,0.7619047619047619
1u28Z6RM-FY.mp4,success,"{'brand_name_text': 'HISTORY', 'logo_visible': True, 'logo_timestamps': [53.9], 'brand_text_contrast': 'high'}","{'product_name': 'Join or Die with Craig Ferguson', 'industry': 'Media and arts'}",entertainment,0.7560975609756098
1vtcf13zT08.mp4,success,"{'brand_name_text': 'BOQ', 'logo_visible': True, 'logo_timestamps': [26.1, 28.1], 'brand_text_contrast': 'high'}","{'product_name': 'Banking services', 'industry': 'Financial services'}",brand_awareness,0.7058823529411764
1w1myYavVsE.mp4,success,"{'brand_name_text': 'Maggi', 'logo_visible': True, 'logo_timestamps': [38.4, 38.8], 'brand_text_contrast': 'high'}","{'product_name': 'Maggi Noodles', 'industry': 'Food & Beverage'}",entertainment,0.8333333333333334
23kdGfzDaCs.mp4,success,"{'brand_name_text': 'Starbucks', 'logo_visible': True, 'logo_timestamps': [0.5, 12.0], 'brand_text_contrast': 'high'}","{'product_name': 'French Roast Coffee', 'industry': 'Coffee, tea'}",brand_awareness,0.8088235294117647
287EUNf3yAk.mp4,success,"{'brand_name_text': 'Cardfight!! Vanguard G', 'logo_visible': True, 'logo_timestamps': [0.0, 2.2, 3.7, 6.1, 8.4, 9.8, 10.0, 11.2, 12.4, 12.6, 13.3, 15.8, 18.0, 18.4, 18.9, 20.3, 21.1, 22.1, 22.9, 23.5, 23.9, 25.4, 25.9, 28.1], 'brand_text_contrast': 'high'}","{'product_name': 'Cardfight!! Vanguard G GIRS Crisis', 'industry': 'Media and arts'}",entertainment,0.8762886597938144
28pbk_cQx-w.mp4,success,"{'brand_name_text': 'MITRE 10', 'logo_visible': True, 'logo_timestamps': [41.1], 'brand_text_contrast': 'high'}","{'product_name': 'home improvement supplies', 'industry': 'Home improvements and repairs'}",entertainment,0.7735849056603774
29GrCUTdu3A.mp4,success,"{'brand_name_text': 'Kit Kat', 'logo_visible': True, 'logo_timestamps': [39.7, 40.8, 43.5], 'brand_text_contrast': 'high'}","{'product_name': 'Kit Kat', 'industry': 'food & beverage'}",entertainment,0.75
2Dq2-98HliQ.mp4,success,"{'brand_name_text': ""McDonald's"", 'logo_visible': True, 'logo_timestamps': [27.9, 28.4], 'brand_text_contrast': 'high'}","{'product_name': ""Big N' Tasty"", 'industry': 'food & beverage'}",entertainment,0.87248322147651
2G0loI0Jn5M.mp4,success,"{'brand_name_text': 'Sprint', 'logo_visible': True, 'logo_timestamps': [8.6, 24.5, 29.2, 29.8], 'brand_text_contrast': 'high'}","{'product_name': 'Sprint NFL Mobile', 'industry': 'Phone, TV and internet service providers'}",entertainment,0.5294117647058824
2Jhrr4RRywE.mp4,success,"{'brand_name_text': 'Project Mc²', 'logo_visible': True, 'logo_timestamps': [0.0, 5.6, 7.0, 9.4, 10.2, 11.2, 11.8, 12.6, 13.5, 14.3, 14.8, 15.0, 15.8, 16.4, 16.8, 17.1, 18.8, 19.1, 19.9, 20.1, 20.7, 22.1, 23.1, 23.6, 27.9, 28.1, 29.9], 'brand_text_contrast': 'high'}","{'product_name': 'Project Mc² Dolls with Experiments', 'industry': 'Games and toys'}",product_demo,0.8603603603603603
2Md5lPyuvsk.mp4,success,"{'brand_name_text': 'PEPSI', 'logo_visible': True, 'logo_timestamps': [2.7, 7.2, 13.0, 76.0, 77.0, 91.0], 'brand_text_contrast': 'high'}","{'product_name': 'Pepsi', 'industry': 'food & beverage'}",entertainment,0.8847795163584637
2MwarUSvaLM.mp4,success,"{'brand_name_text': 'NBA', 'logo_visible': True, 'logo_timestamps': [26.2], 'brand_text_contrast': 'high'}","{'product_name': 'NBA League', 'industry': 'Sports & Entertainment'}",brand_awareness,0.375
2RHEjneBRak.mp4,success,"{'brand_name_text': 'TFI', 'logo_visible': True, 'logo_timestamps': [18.6], 'brand_text_contrast': 'low'}","{'product_name': 'TV Channel', 'industry': 'Media & Entertainment'}",entertainment,0.6949152542372881
2S2VUCdbhg0.mp4,success,"{'brand_name_text': 'TRÖEGS', 'logo_visible': True, 'logo_timestamps': [3.0, 11.3, 18.6, 20.1, 20.6], 'brand_text_contrast': 'high'}","{'product_name': 'Tröegs Pale Ale', 'industry': 'Alcohol'}",brand_awareness,0.6923076923076923
2T-AxWMZBfU.mp4,success,"{'brand_name_text': 'Sprite Zero', 'logo_visible': True, 'logo_timestamps': [41.5, 42.2, 42.6], 'brand_text_contrast': 'high'}","{'product_name': 'Sprite Zero', 'industry': 'Food & Beverage'}",brand_awareness,0.9271137026239067
2VgiVK_hOhM.mp4,success,"{'brand_name_text': 'SNIPER ASSASSIN', 'logo_visible': False, 'logo_timestamps': [], 'brand_text_contrast': 'high'}","{'product_name': 'Sniper Assassin', 'industry': 'Games and toys'}",product_demo,0.8695652173913043
2_M0SDk3ZaM.mp4,success,"{'brand_name_text': 'unicef', 'logo_visible': True, 'logo_timestamps': [37.7], 'brand_text_contrast': 'high'}","{'product_name': 'Polio vaccinations', 'industry': 'Charities'}",testimonial,0.44999999999999996
2evNRe8LF_o.mp4,success,"{'brand_name_text': 'tbs', 'logo_visible': True, 'logo_timestamps': [19.1], 'brand_text_contrast': 'high'}","{'product_name': 'Separation Anxiety', 'industry': 'Media and arts'}",entertainment,0.6571428571428571
2fQUYCPe3Cs.mp4,success,"{'brand_name_text': ""McDonald's"", 'logo_visible': True, 'logo_timestamps': [0.0, 0.5, 5.4, 35.8, 38.6, 43.0, 54.8], 'brand_text_contrast': 'low'}","{'product_name': 'Chocolate Soft Serve Ice Cream', 'industry': 'Food & Beverage'}",brand_awareness,0.9829545454545454
2j4RF6cx0SY.mp4,success,"{'brand_name_text': 'Carly Fiorina', 'logo_visible': False, 'logo_timestamps': [], 'brand_text_contrast': 'high'}","{'product_name': 'Carly Fiorina for U.S. Senate', 'industry': 'Political Campaign'}",testimonial,0.8
2o1TA0PG6pA.mp4,success,"{'brand_name_text': 'CLASH OF KINGS', 'logo_visible': True, 'logo_timestamps': [11.3, 11.9, 12.3], 'brand_text_contrast': 'high'}","{'product_name': 'Clash of Kings', 'industry': 'Games and toys'}",entertainment,0.8933333333333333
2qS1ZSqwIgM.mp4,success,"{'brand_name_text': 'JACOBS Krönung', 'logo_visible': True, 'logo_timestamps': [18.3, 21.5, 25.6, 26.7], 'brand_text_contrast': 'high'}","{'product_name': 'Jacobs Krönung coffee', 'industry': 'Coffee, tea'}",brand_awareness,0.7282608695652174
2qdW7ramMr4.mp4,success,"{'brand_name_text': 'Parrot', 'logo_visible': True, 'logo_timestamps': [0.0, 2.9, 9.2], 'brand_text_contrast': 'high'}","{'product_name': 'BEBOP 2', 'industry': 'technology'}",product_demo,0.6019417475728155
2uT9fjUmm-M.mp4,success,"{'brand_name_text': 'CASTRO', 'logo_visible': True, 'logo_timestamps': [62.1], 'brand_text_contrast': 'high'}","{'product_name': 'Dresses', 'industry': 'Clothing and accessories'}",brand_awareness,0.7854671280276817
2v7lsnPvgtI.mp4,success,"{'brand_name_text': 'Breville', 'logo_visible': True, 'logo_timestamps': [9.2, 20.4, 21.2, 21.8, 23.9], 'brand_text_contrast': 'high'}","{'product_name': 'Breville Smart Oven', 'industry': 'Home appliances'}",product_demo,0.8769230769230769
2yO4-Oh-JP4.mp4,success,"{'brand_name_text': 'Coca-Cola', 'logo_visible': True, 'logo_timestamps': [0.9, 12.8, 19.2, 20.5, 42.3, 45.3], 'brand_text_contrast': 'high'}","{'product_name': 'Coca-Cola', 'industry': 'food & beverage'}",entertainment,0.8733509234828496
2ywv_JCyolU.mp4,success,"{'brand_name_text': ""McDonald's"", 'logo_visible': True, 'logo_timestamps': [0.2, 23.4, 29.1], 'brand_text_contrast': 'medium'}","{'product_name': 'NHL Replica Star Sticks', 'industry': 'Restaurants, cafe, fast food'}",brand_awareness,0.8166666666666667
31pEZWaIhr0.mp4,success,"{'brand_name_text': 'PEPSI', 'logo_visible': True, 'logo_timestamps': [22.6, 24.4], 'brand_text_contrast': 'high'}","{'product_name': 'Pepsi', 'industry': 'food & beverage'}",entertainment,0.8529411764705882
36CSS3UIzxk.mp4,success,"{'brand_name_text': 'PlayStation', 'logo_visible': True, 'logo_timestamps': [0.0, 0.7, 27.1], 'brand_text_contrast': 'high'}","{'product_name': 'PlayStation 4', 'industry': 'Games and toys'}",entertainment,0.8670212765957447
377kVIgBOJQ.mp4,success,"{'brand_name_text': 'CAMPARI', 'logo_visible': True, 'logo_timestamps': [1.9, 15.8, 19.7, 22.0, 26.9, 28.1], 'brand_text_contrast': 'high'}","{'product_name': 'Campari Bitter', 'industry': 'Alcohol'}",brand_awareness,0.7021276595744681
39RQH0mpsVQ.mp4,success,"{'brand_name_text': 'NEW YORKER', 'logo_visible': True, 'logo_timestamps': [48.0], 'brand_text_contrast': 'high'}","{'product_name': 'Lingerie', 'industry': 'Clothing and accessories'}",entertainment,0.4558823529411765
3CJ-7R2g3NE.mp4,success,"{'brand_name_text': 'NATIONAL RETAIL', 'logo_visible': True, 'logo_timestamps': [66.4, 66.9], 'brand_text_contrast': 'high'}","{'product_name': 'Vermont Retail Industry', 'industry': 'Retail'}",brand_awareness,0.6260869565217391
3FtNm9CgA6U.mp4,success,"{'brand_name_text': 'Partnership for a Drug-Free America', 'logo_visible': True, 'logo_timestamps': [12.9], 'brand_text_contrast': 'medium'}","{'product_name': 'Anti-drug awareness', 'industry': 'Public Service Announcement'}",brand_awareness,0.9661016949152542
3JsyhaGHq_E.mp4,success,"{'brand_name_text': 'DAIHATSU', 'logo_visible': True, 'logo_timestamps': [3.0, 16.6, 39.9], 'brand_text_contrast': 'high'}","{'product_name': 'WAKE', 'industry': 'automotive'}",entertainment,0.8257575757575757
3KHSWaEamQc.mp4,success,"{'brand_name_text': 'Sun Valley', 'logo_visible': True, 'logo_timestamps': [1.5, 13.3], 'brand_text_contrast': 'high'}","{'product_name': 'Sun Valley vacation destination', 'industry': 'Vacation and travel'}",brand_awareness,0.7560975609756098
3KyvlMJefR4.mp4,success,"{'brand_name_text': 'Anti-Defamation League', 'logo_visible': True, 'logo_timestamps': [75.9], 'brand_text_contrast': 'high'}","{'product_name': 'Anti-Defamation League', 'industry': 'Human rights'}",brand_awareness,0.8378378378378378
3UOGKO7tM34.mp4,success,"{'brand_name_text': 'Americans for a better tomorrow tomorrow', 'logo_visible': True, 'logo_timestamps': [35.5, 39.9], 'brand_text_contrast': 'high'}","{'product_name': 'Herman Cain', 'industry': 'Politics'}",entertainment,0.7934782608695652
3_1LKqsFguE.mp4,success,"{'brand_name_text': 'Birgir Páll', 'logo_visible': True, 'logo_timestamps': [1.1, 4.2, 14.2, 37.8, 39.0, 47.5, 60.9, 68.4, 81.9, 87.6, 102.3], 'brand_text_contrast': 'high'}","{'product_name': 'Poonikins T-shirt', 'industry': 'Clothing & Accessories'}",entertainment,0.8835978835978836
3d5id_cwHUM.mp4,success,"{'brand_name_text': 'MAGNUM', 'logo_visible': True, 'logo_timestamps': [2.8, 4.5, 5.8, 7.5, 18.1, 18.4], 'brand_text_contrast': 'high'}","{'product_name': 'Magnum Brownie', 'industry': 'Food & Beverage'}",product_demo,0.40909090909090906
3iHP5bBWFrw.mp4,success,"{'brand_name_text': 'SEATTLE', 'logo_visible': False, 'logo_timestamps': [], 'brand_text_contrast': 'medium'}","{'product_name': 'Seattle Tourism', 'industry': 'Vacation and travel'}",testimonial,0.8431372549019608
3mmu60CNl0Y.mp4,success,"{'brand_name_text': 'Nintendo', 'logo_visible': True, 'logo_timestamps': [11.2, 11.6, 12.7, 27.2, 28.4], 'brand_text_contrast': 'high'}","{'product_name': 'Mario Superstar Baseball', 'industry': 'Video Games'}",entertainment,0.8923076923076922
3pNGO5ppfQ8.mp4,success,"{'brand_name_text': 'IBM', 'logo_visible': True, 'logo_timestamps': [56.5], 'brand_text_contrast': 'high'}","{'product_name': 'experimental voice recognition system', 'industry': 'Technology'}",product_demo,0.9626865671641791
3quMz-EAThw.mp4,success,"{'brand_name_text': 'CORN NUTS', 'logo_visible': True, 'logo_timestamps': [58.1], 'brand_text_contrast': 'medium'}","{'product_name': 'Corn Nuts Original', 'industry': 'food & beverage'}",brand_awareness,0.9795918367346939
3vaDzDzRH_c.mp4,success,"{'brand_name_text': 'Virgin mobile', 'logo_visible': True, 'logo_timestamps': [62.2, 63.2], 'brand_text_contrast': 'high'}","{'product_name': 'Mobile phone service', 'industry': 'technology'}",entertainment,0.7090909090909091
3wC7XjH-pTQ.mp4,success,"{'brand_name_text': 'DAEDALIC ENTERTAINMENT', 'logo_visible': True, 'logo_timestamps': [6.9, 7.5, 14.0], 'brand_text_contrast': 'medium'}","{'product_name': 'Deponia Doomsday', 'industry': 'Games and toys'}",entertainment,0.9679144385026738
3zCtPnz-Bxk.mp4,success,"{'brand_name_text': 'COMPLAN', 'logo_visible': True, 'logo_timestamps': [0.0, 24.4, 31.5, 37.8], 'brand_text_contrast': 'high'}","{'product_name': 'Complan Complete Planned Milk Drink', 'industry': 'Food & Beverage'}",product_demo,0.8157894736842105
40qofTTQJDU.mp4,success,"{'brand_name_text': 'the FIRST Years', 'logo_visible': True, 'logo_timestamps': [0.4, 44.4], 'brand_text_contrast': 'high'}","{'product_name': 'Super Chill Insulated Sippy Cups', 'industry': 'Baby products'}",entertainment,0.85
44e-Y08_B-0.mp4,success,"{'brand_name_text': 'Remco', 'logo_visible': False, 'logo_timestamps': [], 'brand_text_contrast': 'low'}","{'product_name': 'Baby Laugh-A-Lot', 'industry': 'Games and toys'}",product_demo,0.9553903345724907
487-TyrRkfE.mp4,success,"{'brand_name_text': 'THE Ugglys', 'logo_visible': True, 'logo_timestamps': [1.3, 25.8], 'brand_text_contrast': 'high'}","{'product_name': 'The Gross Electronic Pup-Pet', 'industry': 'Games and toys'}",product_demo,0.835
48zAauZBi58.mp4,success,"{'brand_name_text': 'Samsung', 'logo_visible': True, 'logo_timestamps': [11.2, 17.7, 46.3, 49.0, 61.9, 63.2, 66.1], 'brand_text_contrast': 'high'}","{'product_name': 'Galaxy S7 and S7 Edge', 'industry': 'Electronics'}",product_demo,0.9146919431279621
4F-fzXW1xUM.mp4,success,"{'brand_name_text': 'Bajaj Electricals Ltd.', 'logo_visible': True, 'logo_timestamps': [13.5, 18.0, 28.8, 43.1, 47.2, 49.7, 51.9, 56.3, 57.1, 59.0], 'brand_text_contrast': 'high'}","{'product_name': 'Home Appliances', 'industry': 'Home Appliances'}",brand_awareness,0.5784313725490196
4FLEzXhWQ6g.mp4,success,"{'brand_name_text': 'Downy', 'logo_visible': True, 'logo_timestamps': [4.7, 5.1, 8.1, 8.8, 15.8, 18.0, 22.2, 23.4, 30.4, 35.8, 39.5, 41.2, 44.0], 'brand_text_contrast': 'high'}","{'product_name': 'Downy Fabric Conditioner', 'industry': 'Cleaning products'}",product_demo,0.9608938547486033
4IaDS9MpzH0.mp4,success,"{'brand_name_text': 'New York Bakery', 'logo_visible': True, 'logo_timestamps': [2.9, 4.0, 5.5, 28.1, 29.2], 'brand_text_contrast': 'high'}","{'product_name': 'Texas Toast', 'industry': 'Food & Beverage'}",brand_awareness,0.3125
4JhzwNuo75M.mp4,success,"{'brand_name_text': 'DODGE', 'logo_visible': True, 'logo_timestamps': [46.5, 55.0, 55.8, 60.8], 'brand_text_contrast': 'high'}","{'product_name': 'Dodge Charger White Hat Special', 'industry': 'Cars, automobiles'}",product_demo,0.9161147902869757
4KKgR5YWmYg.mp4,success,"{'brand_name_text': 'EA SPORTS', 'logo_visible': True, 'logo_timestamps': [56.1, 79.1, 80.5], 'brand_text_contrast': 'high'}","{'product_name': '2014 FIFA World Cup Brazil', 'industry': 'Games and toys'}",entertainment,0.7560975609756098
4Krky4i6Xk8.mp4,success,"{'brand_name_text': 'Tropicana', 'logo_visible': True, 'logo_timestamps': [46.2, 47.0, 48.2, 48.7, 49.5, 56.9], 'brand_text_contrast': 'high'}","{'product_name': 'Tropicana Orange Juice', 'industry': 'food & beverage'}",brand_awareness,0.8333333333333334
4Vn3mLIlqp4.mp4,success,"{'brand_name_text': 'Aaj Tak', 'logo_visible': True, 'logo_timestamps': [52.3, 52.8, 54.3, 55.0], 'brand_text_contrast': 'high'}","{'product_name': 'News Channel', 'industry': 'Media & Entertainment'}",brand_awareness,0.8986486486486487
4X4MwbVf5OA.mp4,success,"{'brand_name_text': 'ENJOLI', 'logo_visible': True, 'logo_timestamps': [11.1], 'brand_text_contrast': 'high'}","{'product_name': 'Enjoli perfume', 'industry': 'Beauty products and cosmetics'}",brand_awareness,0.9408284023668639
4XQ7x7c2hkQ.mp4,success,"{'brand_name_text': 'IMPERIAL BLUE', 'logo_visible': True, 'logo_timestamps': [46.1], 'brand_text_contrast': 'high'}","{'product_name': 'Imperial Blue Superhits Music Series', 'industry': 'Alcohol'}",brand_awareness,0.5116279069767442
4_IbqebS7hQ.mp4,success,"{'brand_name_text': 'Kinder JOY', 'logo_visible': True, 'logo_timestamps': [7.7, 10.6, 11.7, 11.9, 12.7, 13.2, 13.7, 16.9, 18.6, 38.0], 'brand_text_contrast': 'high'}","{'product_name': 'Kinder JOY', 'industry': 'food & beverage'}",product_demo,0.765
4a5fS0F6LLA.mp4,success,"{'brand_name_text': 'NESCAFÉ', 'logo_visible': True, 'logo_timestamps': [14.2, 19.2, 21.4, 24.8, 27.9, 28.8, 29.9, 31.9, 41.5, 43.7], 'brand_text_contrast': 'high'}","{'product_name': 'Nescafé Classic', 'industry': 'Food & Beverage'}",entertainment,0.5671641791044777
4b9Ji7DvsjU.mp4,success,"{'brand_name_text': 'BBC SPORT', 'logo_visible': True, 'logo_timestamps': [87.5], 'brand_text_contrast': 'high'}","{'product_name': 'The Winter Olympics 2014 coverage', 'industry': 'Media'}",brand_awareness,0.8812785388127854
4c43WKFcn4c.mp4,success,"{'brand_name_text': 'Bangkok Airways', 'logo_visible': True, 'logo_timestamps': [3.0, 6.4, 8.1, 27.9, 48.1, 52.2, 55.3, 58.3], 'brand_text_contrast': 'high'}","{'product_name': 'Airline services', 'industry': 'Vacation and travel'}",brand_awareness,0.8425925925925926
4hN0ai9WzBQ.mp4,success,"{'brand_name_text': 'HUMANEWATCH.ORG', 'logo_visible': True, 'logo_timestamps': [60.0], 'brand_text_contrast': 'high'}","{'product_name': 'Awareness about HSUS financial practices', 'industry': 'Non-profit / Advocacy'}",brand_awareness,0.825
4hScgyXu_9c.mp4,success,"{'brand_name_text': 'UNDER ARMOUR', 'logo_visible': True, 'logo_timestamps': [3.0, 16.2, 22.1], 'brand_text_contrast': 'high'}","{'product_name': 'Athletic apparel and footwear', 'industry': 'Sports & Fitness'}",brand_awareness,0.7623762376237624
4k0AGQyMbFE.mp4,success,"{'brand_name_text': ""Dave's Soda & Pet City"", 'logo_visible': True, 'logo_timestamps': [0.0, 4.0, 4.7, 6.8, 13.7, 24.9, 56.4, 63.1, 72.7, 81.9, 98.0], 'brand_text_contrast': 'high'}","{'product_name': 'Pet supplies and animals', 'industry': 'Pet Retail'}",brand_awareness,0.8081632653061225
4pcO7_S2WQs.mp4,success,"{'brand_name_text': 'TWINKLE', 'logo_visible': True, 'logo_timestamps': [33.6, 33.8, 36.6], 'brand_text_contrast': 'high'}","{'product_name': 'Beauty Parlour Services', 'industry': 'Beauty products and cosmetics'}",entertainment,0.7560975609756098
4u_Ed0Bh-s0.mp4,success,"{'brand_name_text': 'Calbee', 'logo_visible': True, 'logo_timestamps': [28.1], 'brand_text_contrast': 'high'}","{'product_name': 'Potato Chips Consomme Punch', 'industry': 'Food & Beverage'}",entertainment,0.8315789473684211
4vGcH0Bk3hg.mp4,success,"{'brand_name_text': 'Lily', 'logo_visible': True, 'logo_timestamps': [89.5], 'brand_text_contrast': 'high'}","{'product_name': 'Lily Camera', 'industry': 'Technology'}",product_demo,0.7532467532467533
4va3G-CNNUo.mp4,success,"{'brand_name_text': 'VISIT THE PHILIPPINES', 'logo_visible': True, 'logo_timestamps': [26.9], 'brand_text_contrast': 'high'}","{'product_name': 'Philippines Tourism', 'industry': 'Vacation and travel'}",entertainment,0.782051282051282
54WiJFln6I0.mp4,success,"{'brand_name_text': 'South Africa', 'logo_visible': True, 'logo_timestamps': [57.5], 'brand_text_contrast': 'high'}","{'product_name': 'South Africa Tourism', 'industry': 'Vacation and travel'}",brand_awareness,0.6433121019108281
58ldzvk0t50.mp4,success,"{'brand_name_text': 'BuzzFeed', 'logo_visible': True, 'logo_timestamps': [90.6], 'brand_text_contrast': 'high'}","{'product_name': 'Burger Brand Quiz', 'industry': 'Media & Entertainment'}",entertainment,0.7619047619047619
5AaacAMljG8.mp4,success,"{'brand_name_text': 'GAME OF WAR FIRE AGE', 'logo_visible': True, 'logo_timestamps': [51.8, 56.3, 57.3, 57.5, 58.8], 'brand_text_contrast': 'high'}","{'product_name': 'Game of War: Fire Age', 'industry': 'Games and toys'}",entertainment,0.8553459119496856
5CaMUfxVJVQ.mp4,success,"{'brand_name_text': ""Wendy's"", 'logo_visible': True, 'logo_timestamps': [34.4, 57.0], 'brand_text_contrast': 'high'}","{'product_name': 'hamburgers', 'industry': 'Restaurants, cafe, fast food'}",entertainment,0.8941176470588236
5DCow4J-pDE.mp4,success,"{'brand_name_text': 'WHOLE FOODS MARKET', 'logo_visible': True, 'logo_timestamps': [56.6], 'brand_text_contrast': 'high'}","{'product_name': 'Ethically sourced groceries', 'industry': 'Retail'}",brand_awareness,0.5730337078651686
5Ea5lKyWxGc.mp4,success,"{'brand_name_text': 'SONY', 'logo_visible': True, 'logo_timestamps': [0.4, 7.6, 20.6, 44.5, 46.0, 48.2, 54.4, 63.4], 'brand_text_contrast': 'high'}","{'product_name': 'α7R II', 'industry': 'Electronics'}",product_demo,0.8741258741258742
5J58i_qbQxY.mp4,success,"{'brand_name_text': 'transport safety', 'logo_visible': True, 'logo_timestamps': [0.0, 1.3, 4.3, 5.9, 9.2, 10.5, 12.2, 14.6, 15.1, 16.5, 18.2, 22.4, 25.0, 26.9, 32.9, 36.3, 38.4, 39.3, 41.9, 42.7, 48.3, 51.5, 54.9, 56.7], 'brand_text_contrast': 'medium'}","{'product_name': 'Safe Driving Awareness', 'industry': 'Safety and safety services'}",brand_awareness,0.9505154639175257
5JLBU-QQpoo.mp4,success,"{'brand_name_text': None, 'logo_visible': False, 'logo_timestamps': [], 'brand_text_contrast': 'low'}","{'product_name': 'Photocopier', 'industry': 'Technology'}",entertainment,0.9842209072978304
5JuVHCJVYf4.mp4,success,"{'brand_name_text': 'Meow Mix', 'logo_visible': True, 'logo_timestamps': [19.1, 28.2], 'brand_text_contrast': 'high'}","{'product_name': 'Meow Mix Cat Food', 'industry': 'Pet food'}",brand_awareness,0.8860759493670887
5R8euGTHBR8.mp4,success,"{'brand_name_text': 'Gatorade', 'logo_visible': True, 'logo_timestamps': [32.5, 72.3, 74.5, 77.4], 'brand_text_contrast': 'high'}","{'product_name': 'Gatorade', 'industry': 'food & beverage'}",brand_awareness,0.8487654320987654
5UzfYJ-mkzc.mp4,success,"{'brand_name_text': ""MOLOKA'I"", 'logo_visible': True, 'logo_timestamps': [0.1, 26.2], 'brand_text_contrast': 'high'}","{'product_name': 'Molokai Vacation', 'industry': 'Vacation and travel'}",brand_awareness,0.8991596638655462
5VPFKnBYOSI.mp4,success,"{'brand_name_text': 'Microsoft Windows 95', 'logo_visible': True, 'logo_timestamps': [0.7, 2.1, 57.5, 59.2], 'brand_text_contrast': 'high'}","{'product_name': 'Windows 95', 'industry': 'technology'}",brand_awareness,0.7685185185185185
5W4MYJt8c4w.mp4,success,"{'brand_name_text': 'GALOOB', 'logo_visible': True, 'logo_timestamps': [0.7, 28.1], 'brand_text_contrast': 'medium'}","{'product_name': 'The Animal', 'industry': 'Games and toys'}",product_demo,0.9034749034749034
5gKjLV2wKmg.mp4,success,"{'brand_name_text': 'Barbie', 'logo_visible': True, 'logo_timestamps': [24.2, 29.2, 30.2], 'brand_text_contrast': 'high'}","{'product_name': 'Hawaiian Ice Party', 'industry': 'Games and toys'}",product_demo,0.925
5lAf59TrJ4I.mp4,success,"{'brand_name_text': 'HISTORY', 'logo_visible': True, 'logo_timestamps': [2.4, 29.1, 57.8, 62.0], 'brand_text_contrast': 'high'}","{'product_name': 'Join or Die with Craig Ferguson', 'industry': 'Media and arts'}",entertainment,0.765625
5o9Dp6D91fI.mp4,success,"{'brand_name_text': 'BuzzFeed', 'logo_visible': True, 'logo_timestamps': [2.6, 5.0, 110.8, 112.2], 'brand_text_contrast': 'high'}","{'product_name': 'The Atlas of Beauty series', 'industry': 'Media and arts'}",brand_awareness,0.5076923076923077
6-2L4PTV14A.mp4,success,"{'brand_name_text': None, 'logo_visible': False, 'logo_timestamps': [], 'brand_text_contrast': 'low'}","{'product_name': 'Super Mario video games', 'industry': 'Games and toys'}",brand_awareness,0.8506876227897839
6-BPFPwv8RQ.mp4,success,"{'brand_name_text': 'Coca-Cola', 'logo_visible': True, 'logo_timestamps': [29.0, 31.6, 57.0], 'brand_text_contrast': 'high'}","{'product_name': 'Coca-Cola', 'industry': 'food & beverage'}",brand_awareness,0.9517819706498952
60ewmq3ui7A.mp4,success,"{'brand_name_text': 'CLEARWATER MARINE AQUARIUM', 'logo_visible': True, 'logo_timestamps': [0.0, 3.6, 13.6], 'brand_text_contrast': 'high'}","{'product_name': 'Rescue Clearwater', 'industry': 'Wildlife Conservation'}",brand_awareness,0.8416666666666667
64G5FfG2Xpg.mp4,success,"{'brand_name_text': 'DemandAPlan.org, LAW CENTER TO PREVENT GUN VIOLENCE, MAYORS AGAINST ILLEGAL GUNS', 'logo_visible': True, 'logo_timestamps': [79.4], 'brand_text_contrast': 'high'}","{'product_name': 'Gun violence prevention advocacy', 'industry': 'Non-profit / Advocacy'}",testimonial,0.8305084745762712
67jh16fASvI.mp4,success,"{'brand_name_text': 'JonTron', 'logo_visible': True, 'logo_timestamps': [12.9, 28.2, 46.6, 49.9, 96.9], 'brand_text_contrast': 'high'}","{'product_name': 'JonTron T-shirts and stickers', 'industry': 'Clothing & Accessories'}",entertainment,0.8289473684210527
694TX2lQ7Uo.mp4,success,"{'brand_name_text': 'Radio Shack', 'logo_visible': True, 'logo_timestamps': [26.8], 'brand_text_contrast': 'high'}","{'product_name': 'transportable cellular telephone', 'industry': 'Electronics'}",product_demo,0.9458483754512635
69MpLiYhsXw.mp4,success,"{'brand_name_text': 'GUINNESS', 'logo_visible': True, 'logo_timestamps': [1.9, 12.9, 14.9, 17.9, 19.7, 25.3, 26.9, 27.1, 28.4, 31.9, 32.4, 33.5, 37.5, 38.5, 39.6, 43.4, 44.3, 46.3, 47.0, 52.5, 54.5, 55.1, 55.2, 57.8], 'brand_text_contrast': 'high'}","{'product_name': 'Guinness Stout', 'industry': 'Alcohol'}",brand_awareness,0.8461538461538461
6AOvnPY_d-U.mp4,success,"{'brand_name_text': 'Cadbury DAIRY MILK', 'logo_visible': True, 'logo_timestamps': [14.0, 32.8, 34.0], 'brand_text_contrast': 'high'}","{'product_name': 'Cadbury Dairy Milk', 'industry': 'Food & Beverage'}",brand_awareness,0.5666666666666667
6AR0xq6g5Uo.mp4,success,"{'brand_name_text': 'Finish Line', 'logo_visible': True, 'logo_timestamps': [0.0, 2.5, 3.6, 5.0, 6.0, 7.0, 7.5, 8.9, 9.2, 9.9, 12.3, 12.4, 13.2], 'brand_text_contrast': 'medium'}","{'product_name': 'Athletic footwear and apparel', 'industry': 'Clothing and accessories'}",brand_awareness,0.8133333333333334
6CbQOLqZ8IA.mp4,success,"{'brand_name_text': 'Nike', 'logo_visible': True, 'logo_timestamps': [59.2], 'brand_text_contrast': 'high'}","{'product_name': 'Nike Cycling Apparel', 'industry': 'Sports equipment and activities'}",brand_awareness,0.8575342465753425
6FSOKnW9BLI.mp4,success,"{'brand_name_text': 'Perfect BROWNIE', 'logo_visible': True, 'logo_timestamps': [8.6, 107.4, 118.5], 'brand_text_contrast': 'high'}","{'product_name': 'Perfect Brownie Pan', 'industry': 'Home appliances'}",product_demo,0.9278779472954231
6Obj5eoSpu8.mp4,success,"{'brand_name_text': 'Jordan', 'logo_visible': False, 'logo_timestamps': [], 'brand_text_contrast': 'low'}","{'product_name': 'Basketball shoes', 'industry': 'Clothing and accessories'}",brand_awareness,0.9548872180451128
6PKAv5OPf40.mp4,success,"{'brand_name_text': 'Shopkins', 'logo_visible': True, 'logo_timestamps': [3.3, 12.6], 'brand_text_contrast': 'high'}","{'product_name': 'Scoops Ice Cream Truck', 'industry': 'Games and toys'}",product_demo,0.8631578947368421
6T2olgjnDWY.mp4,success,"{'brand_name_text': '1-800-470-ACNE', 'logo_visible': False, 'logo_timestamps': [], 'brand_text_contrast': 'medium'}","{'product_name': 'Free Informational Video about acne', 'industry': 'Healthcare and medications'}",testimonial,0.8333333333333334
6bJOIqVAD-s.mp4,success,"{'brand_name_text': ""McDonald's"", 'logo_visible': True, 'logo_timestamps': [26.4, 29.4], 'brand_text_contrast': 'high'}","{'product_name': 'Filet-O-Fish Extra Value Meal', 'industry': 'food & beverage'}",entertainment,0.9027777777777778
6dwjoUYvHs8.mp4,success,"{'brand_name_text': 'M&T Bank', 'logo_visible': True, 'logo_timestamps': [25.9, 28.8], 'brand_text_contrast': 'high'}","{'product_name': 'Banking services', 'industry': 'Financial services'}",testimonial,0.6296296296296297
6e3z2H1O5zE.mp4,success,"{'brand_name_text': 'EZ CRACKER', 'logo_visible': True, 'logo_timestamps': [86.5, 101.2], 'brand_text_contrast': 'high'}","{'product_name': 'EZ Cracker', 'industry': 'Home appliances'}",product_demo,0.9042553191489362
6h3G-lMZxjo.mp4,success,"{'brand_name_text': 'Obama', 'logo_visible': True, 'logo_timestamps': [68.0], 'brand_text_contrast': 'high'}","{'product_name': 'Barack Obama 2008 Presidential Campaign', 'industry': 'Politics'}",brand_awareness,0.8675799086757991
6iQ7ZDUutU4.mp4,success,"{'brand_name_text': 'RICK BARBER', 'logo_visible': True, 'logo_timestamps': [0.0, 1.9, 2.9, 6.2, 10.1, 11.5, 17.9, 21.4, 24.9, 25.5, 26.4, 28.6, 30.5, 33.1, 34.8, 35.9, 36.9, 37.5, 37.9, 38.9, 41.4, 46.5, 53.1], 'brand_text_contrast': 'high'}","{'product_name': 'Rick Barber for U.S. Congress', 'industry': 'Political'}",brand_awareness,0.42500000000000004
6jyAEqhfHTE.mp4,success,"{'brand_name_text': 'Friskies', 'logo_visible': True, 'logo_timestamps': [1.8, 2.8, 3.9, 6.7, 7.8, 9.8, 10.2, 13.4, 16.9, 17.6, 19.1, 26.9, 33.9, 38.6, 39.6, 44.1, 44.8, 47.3, 57.4, 57.6, 59.6, 63.2, 69.0, 74.2, 81.3, 83.5, 85.2, 88.4], 'brand_text_contrast': 'high'}","{'product_name': 'Cat food', 'industry': 'Pet food'}",entertainment,0.8957654723127035
6kYqjTA_VEg.mp4,success,"{'brand_name_text': 'THINK!', 'logo_visible': False, 'logo_timestamps': [], 'brand_text_contrast': 'medium'}","{'product_name': 'Seat belt safety', 'industry': 'Security and safety services'}",brand_awareness,0.826530612244898
6kkeGgRG-uE.mp4,success,"{'brand_name_text': 'BuzzFeed', 'logo_visible': True, 'logo_timestamps': [1.0, 1.7, 101.0, 101.7], 'brand_text_contrast': 'high'}","{'product_name': 'BuzzFeed food content', 'industry': 'Media and Entertainment'}",entertainment,0.8557919621749409
6uLBrg6ai0c.mp4,success,"{'brand_name_text': 'LINE', 'logo_visible': True, 'logo_timestamps': [1.7, 4.0, 6.9, 8.5, 14.2, 18.1, 19.2], 'brand_text_contrast': 'medium'}","{'product_name': 'LINE Camera', 'industry': 'Software'}",product_demo,0.9230769230769231
6uhCxBk6cQE.mp4,success,"{'brand_name_text': 'Nike', 'logo_visible': True, 'logo_timestamps': [58.5], 'brand_text_contrast': 'high'}","{'product_name': 'Athletic apparel and footwear', 'industry': 'Sports & Fitness'}",brand_awareness,0.6176470588235294
6xy_lt-Z5b0.mp4,success,"{'brand_name_text': 'Mahindra', 'logo_visible': True, 'logo_timestamps': [4.6, 5.2, 5.9, 6.7, 18.8, 21.4, 42.6, 45.5], 'brand_text_contrast': 'high'}","{'product_name': 'NuvoSport', 'industry': 'automotive'}",brand_awareness,0.76
7-OnEe-dauE.mp4,success,"{'brand_name_text': ""m&m's"", 'logo_visible': True, 'logo_timestamps': [22.7], 'brand_text_contrast': 'high'}","{'product_name': ""M&M'S Pretzel"", 'industry': 'food & beverage'}",entertainment,0.875
7AVmI73va4g.mp4,success,"{'brand_name_text': ""NO MAN'S SKY"", 'logo_visible': True, 'logo_timestamps': [2.7, 3.4, 80.1], 'brand_text_contrast': 'high'}","{'product_name': ""No Man's Sky"", 'industry': 'Games and toys'}",product_demo,0.8723897911832946
7Ac2cZPOD00.mp4,success,"{'brand_name_text': 'Gatorade', 'logo_visible': True, 'logo_timestamps': [0.5, 25.2], 'brand_text_contrast': 'high'}","{'product_name': 'Gatorade', 'industry': 'food & beverage'}",tutorial,0.8941176470588236
7AuhjzxAudY.mp4,success,"{'brand_name_text': 'skype', 'logo_visible': True, 'logo_timestamps': [1.9, 8.5, 8.8, 9.2, 14.4, 21.2, 22.1, 30.7, 38.5, 39.1], 'brand_text_contrast': 'high'}","{'product_name': 'group video calling', 'industry': 'technology'}",brand_awareness,0.8791208791208791
7ClI2bp__Bs.mp4,success,"{'brand_name_text': 'JUST EAT', 'logo_visible': True, 'logo_timestamps': [1.7, 4.3, 6.9, 26.3], 'brand_text_contrast': 'high'}","{'product_name': 'Food delivery service', 'industry': 'Food & Beverage'}",entertainment,0.5692307692307692
7Cqz-S8Phv8.mp4,success,"{'brand_name_text': 'BOSS', 'logo_visible': True, 'logo_timestamps': [28.0], 'brand_text_contrast': 'high'}","{'product_name': 'Rainbow Mountain Blend Coffee', 'industry': 'food & beverage'}",brand_awareness,0.65
7GKuZu9xkj0.mp4,success,"{'brand_name_text': 'Dettol', 'logo_visible': True, 'logo_timestamps': [11.2, 28.4], 'brand_text_contrast': 'high'}","{'product_name': 'Dettol Original Anti-Bacterial Soap and Body Wash', 'industry': 'Cleaning products'}",product_demo,0.7692307692307692
7Guufs3mdgg.mp4,success,"{'brand_name_text': 'Ford', 'logo_visible': True, 'logo_timestamps': [0.0], 'brand_text_contrast': 'low'}","{'product_name': 'Ford Ka', 'industry': 'automotive'}",entertainment,0.8888888888888888
7Kb3rDbBWEI.mp4,success,"{'brand_name_text': 'Don McGill Toyota of Katy', 'logo_visible': True, 'logo_timestamps': [0.1, 14.2], 'brand_text_contrast': 'high'}","{'product_name': '2016 Camry LE', 'industry': 'automotive'}",product_demo,0.9016393442622951
7MJu_aWn1nI.mp4,success,"{'brand_name_text': None, 'logo_visible': False, 'logo_timestamps': [], 'brand_text_contrast': 'low'}","{'product_name': 'Nature and Wildlife Content', 'industry': 'Media and Arts'}",entertainment,0.9285714285714286
7N9HoLhZGsU.mp4,success,"{'brand_name_text': 'Anlene', 'logo_visible': True, 'logo_timestamps': [10.1, 11.1, 23.1, 24.9], 'brand_text_contrast': 'high'}","{'product_name': 'Anlene milk', 'industry': 'food & beverage'}",brand_awareness,0.7259259259259259
7Ol2HYCnVbs.mp4,success,"{'brand_name_text': '2K SPORTS', 'logo_visible': True, 'logo_timestamps': [5.0, 61.1], 'brand_text_contrast': 'high'}","{'product_name': 'NBA 2K11', 'industry': 'Games and toys'}",entertainment,0.8161434977578476
7QBgCfKfXqQ.mp4,success,"{'brand_name_text': 'CollegeHumor', 'logo_visible': True, 'logo_timestamps': [0.6, 0.7, 2.5, 2.6, 99.0], 'brand_text_contrast': 'high'}","{'product_name': 'CollegeHumor Originals', 'industry': 'Media and arts'}",entertainment,0.8280254777070064
7T3J4n_PJaI.mp4,success,"{'brand_name_text': 'Tumbl Trak', 'logo_visible': True, 'logo_timestamps': [0.9, 1.0], 'brand_text_contrast': 'high'}","{'product_name': 'Home gymnastics equipment', 'industry': 'Sports equipment and activities'}",testimonial,0.9471698113207547
7UjqLfjsfMk.mp4,success,"{'brand_name_text': 'Doritos', 'logo_visible': True, 'logo_timestamps': [0.0, 4.3, 17.8, 19.8, 22.6], 'brand_text_contrast': 'high'}","{'product_name': 'Doritos Nacho Cheese', 'industry': 'food & beverage'}",entertainment,0.7027027027027026
7VCYBtx6h4g.mp4,success,"{'brand_name_text': 'DHL', 'logo_visible': True, 'logo_timestamps': [26.9, 27.5, 27.7], 'brand_text_contrast': 'high'}","{'product_name': 'Logistics services', 'industry': 'Logistics and Transportation'}",brand_awareness,0.9384615384615385
7X_6k8CjdVI.mp4,success,"{'brand_name_text': 'carbuyer.co.uk', 'logo_visible': True, 'logo_timestamps': [26.1], 'brand_text_contrast': 'high'}","{'product_name': 'car buying advice and reviews', 'industry': 'Cars, automobiles'}",entertainment,0.7857142857142857
7ZOKDqjqbX0.mp4,success,"{'brand_name_text': 'SUBWAY', 'logo_visible': True, 'logo_timestamps': [2.9, 9.8, 19.9, 67.3, 69.9], 'brand_text_contrast': 'high'}","{'product_name': 'Subway Sandwiches', 'industry': 'fast food'}",tutorial,0.8717339667458432
7ZbLntTvV8o.mp4,success,"{'brand_name_text': 'Polly Pocket', 'logo_visible': True, 'logo_timestamps': [0.6, 24.8, 28.8, 29.9], 'brand_text_contrast': 'high'}","{'product_name': 'Polly Pocket Tropical Party Yacht Playset', 'industry': 'Games and toys'}",product_demo,0.8717948717948718
7_dgiNoBWio.mp4,success,"{'brand_name_text': 'FOX SPORTS', 'logo_visible': True, 'logo_timestamps': [59.8], 'brand_text_contrast': 'high'}","{'product_name': 'Fox Sports', 'industry': 'Media and arts'}",entertainment,0.7966101694915254
7b5CKSqlz60.mp4,success,"{'brand_name_text': 'T.D.M. AUTO SALES', 'logo_visible': True, 'logo_timestamps': [9.8, 11.2, 11.9, 12.8, 12.9, 46.6, 50.6], 'brand_text_contrast': 'high'}","{'product_name': 'Used car sales', 'industry': 'automotive'}",entertainment,0.5517241379310345
7b8zeykara0.mp4,success,"{'brand_name_text': 'John Adams', 'logo_visible': True, 'logo_timestamps': [16.7], 'brand_text_contrast': 'high'}","{'product_name': 'Chocolate Lolly Maker', 'industry': 'Games and toys'}",product_demo,0.8677685950413223
7gMZ62PsvRM.mp4,success,"{'brand_name_text': 'Burger King', 'logo_visible': True, 'logo_timestamps': [5.2, 12.6, 26.9, 28.1, 28.2], 'brand_text_contrast': 'high'}","{'product_name': 'BK Kids Meal', 'industry': 'food & beverage'}",entertainment,0.8577235772357723
7gPc6027rb8.mp4,success,"{'brand_name_text': 'trueffect', 'logo_visible': True, 'logo_timestamps': [8.2, 100.4], 'brand_text_contrast': 'high'}","{'product_name': 'First-party advertising platform', 'industry': 'Software'}",brand_awareness,0.8540145985401459
7iCXk67TIB0.mp4,success,"{'brand_name_text': 'JOYA', 'logo_visible': True, 'logo_timestamps': [43.0, 46.6], 'brand_text_contrast': 'high'}","{'product_name': 'JOYA ice cream', 'industry': 'food & beverage'}",brand_awareness,0.7945945945945946
7is6r6zXFDc.mp4,success,"{'brand_name_text': 'NeverWet', 'logo_visible': True, 'logo_timestamps': [0.0, 3.4, 6.3, 9.1, 9.9, 58.2], 'brand_text_contrast': 'medium'}","{'product_name': 'NeverWet super hydrophobic fabric system', 'industry': 'Home improvements and repairs'}",product_demo,0.9314285714285714
7ks-zhWCA_Q.mp4,success,"{'brand_name_text': 'Pokémon', 'logo_visible': True, 'logo_timestamps': [0.0, 12.3, 12.4], 'brand_text_contrast': 'high'}","{'product_name': 'Pokémon Trading Card Game: XY - BREAKpoint', 'industry': 'Games and toys'}",entertainment,0.8571428571428572
7kxXVnAtnOQ.mp4,success,"{'brand_name_text': 'iPhone 6', 'logo_visible': True, 'logo_timestamps': [4.2, 26.2, 55.8], 'brand_text_contrast': 'high'}","{'product_name': 'iPhone 6', 'industry': 'technology'}",brand_awareness,0.7675675675675675
7nr-irGW9bw.mp4,success,"{'brand_name_text': 'American Red Cross', 'logo_visible': True, 'logo_timestamps': [103.9], 'brand_text_contrast': 'high'}","{'product_name': 'Fire safety awareness', 'industry': 'Charities'}",brand_awareness,0.693069306930693
7pi6BtYXD1w.mp4,success,"{'brand_name_text': ""WILLIAM LAWSON'S"", 'logo_visible': True, 'logo_timestamps': [0.0, 1.4, 2.2, 3.6, 4.7, 6.8, 7.5, 8.7, 10.1, 10.8, 11.5, 13.9, 14.8, 15.8, 17.0, 18.7, 26.1, 32.7, 38.7, 39.3, 42.0], 'brand_text_contrast': 'high'}","{'product_name': 'Scotch Whisky', 'industry': 'Alcohol'}",entertainment,0.7407407407407407
7qRIx5t31zo.mp4,success,"{'brand_name_text': ""California Farmers' Markets"", 'logo_visible': True, 'logo_timestamps': [1.1, 22.1], 'brand_text_contrast': 'high'}","{'product_name': ""Farmers' Markets"", 'industry': 'Shopping'}",brand_awareness,0.92
7sVGB2_zARY.mp4,success,"{'brand_name_text': 'Bharti AXA', 'logo_visible': True, 'logo_timestamps': [33.2, 34.4, 35.1, 36.7, 38.4, 38.9, 42.7], 'brand_text_contrast': 'high'}","{'product_name': 'Health Insurance Policies', 'industry': 'Healthcare and medications'}",brand_awareness,0.6388888888888888
7vCet60rr_s.mp4,success,"{'brand_name_text': '1st for women INSURANCE BROKERS (PTY) LTD', 'logo_visible': True, 'logo_timestamps': [26.8], 'brand_text_contrast': 'high'}","{'product_name': 'Car insurance', 'industry': 'Financial services'}",entertainment,0.8235294117647058
7w_AT2sHBss.mp4,success,"{'brand_name_text': 'Monster High', 'logo_visible': True, 'logo_timestamps': [1.2, 2.0, 2.4, 5.2, 5.3, 6.5, 7.3, 8.0, 8.8, 9.8, 9.9, 10.2, 10.6, 11.1, 12.1, 13.4, 14.7, 16.2, 17.6, 19.1, 20.1, 21.0, 24.4, 25.3, 27.3, 27.4], 'brand_text_contrast': 'high'}","{'product_name': 'Monster High: Frights, Camera, Action! DVD and Dolls', 'industry': 'Games and toys'}",product_demo,0.7672413793103449
8-p0CxW87pg.mp4,success,"{'brand_name_text': 'evian', 'logo_visible': True, 'logo_timestamps': [70.0], 'brand_text_contrast': 'high'}","{'product_name': 'Evian bottled water', 'industry': 'food & beverage'}",brand_awareness,0.8127090301003345
82-H6MZnT44.mp4,success,"{'brand_name_text': 'Entyvio', 'logo_visible': True, 'logo_timestamps': [16.0, 16.5, 16.8, 58.3], 'brand_text_contrast': 'high'}","{'product_name': 'Entyvio (vedolizumab)', 'industry': 'Healthcare and medications'}",product_demo,0.8506224066390041
82kYQ7j7X2s.mp4,success,"{'brand_name_text': 'TPS A Public District Community Service Announcement', 'logo_visible': True, 'logo_timestamps': [57.1], 'brand_text_contrast': 'medium'}","{'product_name': 'Childhood Obesity Awareness PSA', 'industry': 'Healthcare and medications'}",brand_awareness,0.5277777777777778
82n1PX1hVEY.mp4,success,"{'brand_name_text': 'Tourism Australia', 'logo_visible': False, 'logo_timestamps': [], 'brand_text_contrast': 'low'}","{'product_name': 'Australian Tourism', 'industry': 'Vacation and travel'}",brand_awareness,0.84
83nS4EGKU04.mp4,success,"{'brand_name_text': 'Apple', 'logo_visible': True, 'logo_timestamps': [16.7, 19.9, 23.1, 23.9], 'brand_text_contrast': 'low'}","{'product_name': 'iMac G3', 'industry': 'Electronics'}",brand_awareness,0.9190283400809717
8Bc0WjTT0Ps.mp4,success,"{'brand_name_text': 'DOS EQUIS', 'logo_visible': True, 'logo_timestamps': [27.2, 29.1], 'brand_text_contrast': 'high'}","{'product_name': 'Dos Equis Beer', 'industry': 'Alcohol'}",entertainment,0.6428571428571428
8IkS1oXvhVM.mp4,success,"{'brand_name_text': 'htc', 'logo_visible': True, 'logo_timestamps': [20.4, 42.0, 84.6], 'brand_text_contrast': 'high'}","{'product_name': 'htc one A9', 'industry': 'technology'}",brand_awareness,0.7
8JAhnmtotIM.mp4,success,"{'brand_name_text': 'Puffs', 'logo_visible': True, 'logo_timestamps': [69.0, 69.8, 75.6, 86.5], 'brand_text_contrast': 'high'}","{'product_name': 'Puffs Plus Lotion', 'industry': 'Cleaning products'}",entertainment,0.8878504672897196
8N9gSS_HRcE.mp4,success,"{'brand_name_text': 'Sprint Together with NEXTEL', 'logo_visible': True, 'logo_timestamps': [32.5], 'brand_text_contrast': 'high'}","{'product_name': 'Sprint phone', 'industry': 'Phone, TV and internet service providers'}",entertainment,0.8412698412698413
8Ozc-h-29M0.mp4,success,"{'brand_name_text': ""Carl's Jr."", 'logo_visible': True, 'logo_timestamps': [41.9, 57.2], 'brand_text_contrast': 'high'}","{'product_name': 'The Western Bacon Six Dollar Burger', 'industry': 'food & beverage'}",testimonial,0.75
8QRs0ejxjEc.mp4,success,"{'brand_name_text': 'Sun Drop', 'logo_visible': True, 'logo_timestamps': [0.5, 13.5, 20.2, 21.1, 21.4, 26.4, 27.6, 28.9], 'brand_text_contrast': 'high'}","{'product_name': 'Sun Drop soda', 'industry': 'food & beverage'}",entertainment,0.9060402684563759
8Suu84khNGY.mp4,success,"{'brand_name_text': 'Keep America Beautiful', 'logo_visible': True, 'logo_timestamps': [59.6], 'brand_text_contrast': 'high'}","{'product_name': 'Pollution prevention awareness', 'industry': 'Environment, nature, pollution, wildlife'}",brand_awareness,0.944
8Z9hWVZ_BiM.mp4,success,"{'brand_name_text': 'Incredible India', 'logo_visible': True, 'logo_timestamps': [2.1, 3.9, 53.1, 53.5, 58.5], 'brand_text_contrast': 'high'}","{'product_name': 'Indian Tourism', 'industry': 'Vacation and travel'}",brand_awareness,0.8122866894197952
8iHEQxJXq9I.mp4,success,"{'brand_name_text': 'Pokémon', 'logo_visible': True, 'logo_timestamps': [0.0, 2.8, 25.8, 26.1, 26.8], 'brand_text_contrast': 'high'}","{'product_name': 'Pokémon Blue Version', 'industry': 'Games and toys'}",product_demo,0.625
8j2wmtOrzy0.mp4,success,"{'brand_name_text': '5miles', 'logo_visible': True, 'logo_timestamps': [1.9, 6.7, 8.0, 11.9, 13.9, 14.2, 15.0, 16.9, 17.2, 17.8, 19.2, 19.4, 20.9, 22.3, 23.4, 28.3], 'brand_text_contrast': 'high'}","{'product_name': '5miles mobile marketplace app', 'industry': 'Technology'}",product_demo,0.7213114754098361
8nG_wVxO7EM.mp4,success,"{'brand_name_text': 'SQUARESPACE', 'logo_visible': True, 'logo_timestamps': [26.1, 28.8], 'brand_text_contrast': 'high'}","{'product_name': 'Website building service', 'industry': 'technology'}",entertainment,0.9007633587786259
8nMOcw70RX8.mp4,success,"{'brand_name_text': 'QANTAS', 'logo_visible': True, 'logo_timestamps': [4.7, 11.2, 13.6], 'brand_text_contrast': 'high'}","{'product_name': 'Airline travel to Sydney', 'industry': 'Vacation and travel'}",brand_awareness,0.6923076923076923
8pmw5CAc3rk.mp4,success,"{'brand_name_text': 'Bernie Sanders', 'logo_visible': False, 'logo_timestamps': [], 'brand_text_contrast': 'low'}","{'product_name': 'Bernie Sanders political campaign', 'industry': 'Politics'}",testimonial,0.7678571428571428
8sjUcp0UQI0.mp4,success,"{'brand_name_text': 'Holland America Line', 'logo_visible': True, 'logo_timestamps': [1.2], 'brand_text_contrast': 'high'}","{'product_name': 'Mid-sized ship cruises', 'industry': 'Vacation and travel'}",brand_awareness,0.9474835886214442
8uO5PAD_CYA.mp4,success,"{'brand_name_text': 'COMMITTEE TO PRESERVE HOPE SCHOLARSHIPS', 'logo_visible': True, 'logo_timestamps': [14.2], 'brand_text_contrast': 'high'}","{'product_name': 'Hope Scholarship Preservation Act', 'industry': 'Education'}",brand_awareness,0.9302325581395349
8zOgbkg6Akw.mp4,success,"{'brand_name_text': 'HITACHI', 'logo_visible': True, 'logo_timestamps': [19.1, 33.8, 37.0, 40.5, 43.6], 'brand_text_contrast': 'high'}","{'product_name': 'Hitachi air conditioning', 'industry': 'Home appliances'}",brand_awareness,0.6781609195402298
90fRlMQTdSs.mp4,success,"{'brand_name_text': 'CONVERSE', 'logo_visible': True, 'logo_timestamps': [27.2, 30.0, 30.4], 'brand_text_contrast': 'high'}","{'product_name': 'Converse Weapon', 'industry': 'Clothing and accessories'}",testimonial,0.9166666666666666
913xrM9FYpI.mp4,success,"{'brand_name_text': 'Atari', 'logo_visible': True, 'logo_timestamps': [6.5, 27.6, 28.1], 'brand_text_contrast': 'medium'}","{'product_name': 'Atari 2600', 'industry': 'Consumer Electronics'}",product_demo,0.8842105263157894
95QcBNJN984.mp4,success,"{'brand_name_text': 'The Great Fiesta Family Water Park', 'logo_visible': True, 'logo_timestamps': [0.7, 7.7, 8.3, 15.4, 69.7], 'brand_text_contrast': 'high'}","{'product_name': 'Water Park', 'industry': 'Vacation and travel'}",brand_awareness,0.8279816513761468
99iAONlvpbw.mp4,success,"{'brand_name_text': 'VACATION', 'logo_visible': True, 'logo_timestamps': [106.9], 'brand_text_contrast': 'high'}","{'product_name': 'Vacation (Movie)', 'industry': 'Media and arts'}",entertainment,0.819047619047619
9Ac-PGCfxFE.mp4,success,"{'brand_name_text': 'Nintendo', 'logo_visible': True, 'logo_timestamps': [82.4, 92.7], 'brand_text_contrast': 'high'}","{'product_name': 'The Legend of Zelda: Twilight Princess HD', 'industry': 'Games and toys'}",product_demo,0.8584905660377359
9NYu9STVm-I.mp4,success,"{'brand_name_text': 'JOE STRAUS', 'logo_visible': True, 'logo_timestamps': [25.1], 'brand_text_contrast': 'high'}","{'product_name': 'Re-election of Joe Straus', 'industry': 'Political'}",testimonial,0.7307692307692308
9WoM2bHfr48.mp4,success,"{'brand_name_text': 'HAYNES', 'logo_visible': True, 'logo_timestamps': [28.4, 28.5], 'brand_text_contrast': 'high'}","{'product_name': 'Baked Beans', 'industry': 'Food & Beverage'}",entertainment,0.8421052631578947
9dxua41fAgo.mp4,success,"{'brand_name_text': 'SQUARESPACE', 'logo_visible': True, 'logo_timestamps': [13.4], 'brand_text_contrast': 'high'}","{'product_name': 'Website building and hosting services', 'industry': 'Technology'}",product_demo,0.6
9go38MgZ4w8.mp4,success,"{'brand_name_text': 'TPM', 'logo_visible': True, 'logo_timestamps': [3.7, 4.0, 4.2, 4.7, 5.1, 6.2, 49.2, 49.4, 49.6, 49.8], 'brand_text_contrast': 'high'}","{'product_name': 'Political News and Commentary', 'industry': 'Media'}",brand_awareness,0.8181818181818181
9grrfloJCgc.mp4,success,"{'brand_name_text': 'GAME OF WAR', 'logo_visible': True, 'logo_timestamps': [51.2, 56.3, 57.1, 57.2, 57.3, 58.7], 'brand_text_contrast': 'high'}","{'product_name': 'Game of War: Fire Age', 'industry': 'Games and toys'}",entertainment,0.7029702970297029
9l2FeI5GMg0.mp4,success,"{'brand_name_text': '2K', 'logo_visible': True, 'logo_timestamps': [4.1, 8.9, 38.1, 79.9, 92.3], 'brand_text_contrast': 'high'}","{'product_name': 'WWE 2K14', 'industry': 'Games and toys'}",entertainment,0.9278350515463918
9n0w7F5hGYM.mp4,success,"{'brand_name_text': 'BULLS MONTAGE', 'logo_visible': True, 'logo_timestamps': [55.1, 58.1], 'brand_text_contrast': 'high'}","{'product_name': 'NBA Basketball Montage', 'industry': 'Media and arts'}",brand_awareness,0.86
9u9tDUHwCio.mp4,success,"{'brand_name_text': '5', 'logo_visible': True, 'logo_timestamps': [0.0, 13.6], 'brand_text_contrast': 'high'}","{'product_name': '5 Gum Peppermint Cobalt', 'industry': 'food & beverage'}",brand_awareness,0.7843137254901961
9xGRii6IA1M.mp4,success,"{'brand_name_text': ""McDonald's"", 'logo_visible': True, 'logo_timestamps': [43.6], 'brand_text_contrast': 'high'}","{'product_name': ""McDonald's restaurant experience"", 'industry': 'Food & Beverage'}",brand_awareness,0.7326732673267327
9ypxRGSrS-k.mp4,success,"{'brand_name_text': 'HYUNDAI', 'logo_visible': True, 'logo_timestamps': [2.9, 5.3, 8.8, 13.7, 28.5, 50.6, 56.3, 58.5], 'brand_text_contrast': 'high'}","{'product_name': 'Hyundai Creta', 'industry': 'Automotive'}",product_demo,0.8450704225352113
A01uRcmyuWc.mp4,success,"{'brand_name_text': 'NESCAFE', 'logo_visible': True, 'logo_timestamps': [0.9, 2.2, 3.6, 4.5, 5.8, 11.4, 13.3, 15.4, 17.4, 25.5, 27.6, 28.4], 'brand_text_contrast': 'high'}","{'product_name': 'NESCAFE Creamy Latte', 'industry': 'food & beverage'}",entertainment,0.8061224489795918
A1W6Ku5bJR4.mp4,success,"{'brand_name_text': 'COOKIE CRISP', 'logo_visible': True, 'logo_timestamps': [0.6, 4.2, 14.2, 14.6, 15.8, 18.5, 19.4, 24.1, 28.6, 29.6], 'brand_text_contrast': 'high'}","{'product_name': 'Cookie Crisp cereal', 'industry': 'food & beverage'}",entertainment,0.8786610878661087
A2VOu1UQeMM.mp4,success,"{'brand_name_text': 'HISTORY', 'logo_visible': True, 'logo_timestamps': [58.4, 61.5, 62.5], 'brand_text_contrast': 'high'}","{'product_name': 'Join or Die with Craig Ferguson', 'industry': 'Media and arts'}",entertainment,0.78
A5Rnnwk9jOA.mp4,success,"{'brand_name_text': 'bareMinerals', 'logo_visible': True, 'logo_timestamps': [5.1, 8.2, 10.3, 11.9, 13.2, 14.8, 16.2, 25.2], 'brand_text_contrast': 'high'}","{'product_name': 'Blemish Remedy', 'industry': 'Beauty products and cosmetics'}",product_demo,0.8028169014084507
AEMK1O0BDqA.mp4,success,"{'brand_name_text': 'Almost Skateboards', 'logo_visible': True, 'logo_timestamps': [1.4, 107.8], 'brand_text_contrast': 'high'}","{'product_name': 'Double Impact Skateboard Deck', 'industry': 'Sports equipment'}",brand_awareness,0.8352272727272727
AJYN5rdrZXo.mp4,success,"{'brand_name_text': 'NERF RIVAL', 'logo_visible': True, 'logo_timestamps': [0.5, 2.0], 'brand_text_contrast': 'high'}","{'product_name': 'Nerf Rival Zeus MXV-1200', 'industry': 'Games and toys'}",product_demo,0.8390804597701149
AK88MQWsYj8.mp4,success,"{'brand_name_text': 'Nike', 'logo_visible': True, 'logo_timestamps': [59.5], 'brand_text_contrast': 'high'}","{'product_name': 'Nike Basketball Shoes', 'industry': 'Clothing and accessories'}",brand_awareness,0.8529411764705882
ALD72k9ZuJk.mp4,success,"{'brand_name_text': 'Mahindra', 'logo_visible': True, 'logo_timestamps': [8.9, 10.8, 13.9, 19.5, 53.0, 59.5], 'brand_text_contrast': 'high'}","{'product_name': 'TUV300', 'industry': 'automotive'}",entertainment,0.8435754189944134
ALaqqMY2m0k.mp4,success,"{'brand_name_text': 'Cadbury Dairy Milk Silk', 'logo_visible': True, 'logo_timestamps': [5.0, 9.8, 15.7, 36.6, 37.4, 39.2], 'brand_text_contrast': 'high'}","{'product_name': 'Dairy Milk Silk', 'industry': 'food & beverage'}",entertainment,0.7571428571428571
AQ_XSHpIbZE.mp4,success,"{'brand_name_text': 'Nike', 'logo_visible': True, 'logo_timestamps': [4.0, 4.6], 'brand_text_contrast': 'low'}","{'product_name': ""Nike Brand / Women's Sports Empowerment"", 'industry': 'Clothing and accessories'}",brand_awareness,0.7936507936507937
AR-Iz1fts5M.mp4,success,"{'brand_name_text': 'Glico', 'logo_visible': True, 'logo_timestamps': [25.6, 28.6, 59.0], 'brand_text_contrast': 'high'}","{'product_name': 'Pretz', 'industry': 'Food & Beverage'}",entertainment,0.9679715302491103
ASsZ-u9YV3c.mp4,success,"{'brand_name_text': 'Play by the Rules', 'logo_visible': True, 'logo_timestamps': [27.5], 'brand_text_contrast': 'high'}","{'product_name': 'Anti-racism campaign', 'industry': 'Human Rights'}",brand_awareness,0.72
AU1iq9rqYJ0.mp4,success,"{'brand_name_text': ""McDonald's"", 'logo_visible': False, 'logo_timestamps': [], 'brand_text_contrast': 'low'}","{'product_name': 'Hamburgers', 'industry': 'Restaurants, cafe, fast food'}",entertainment,0.9635036496350365
AZ56zUxpXes.mp4,success,"{'brand_name_text': 'Dunlop', 'logo_visible': True, 'logo_timestamps': [11.2, 50.7], 'brand_text_contrast': 'high'}","{'product_name': 'Cry Baby Petrucci Signature Wah Pedal', 'industry': 'Music Equipment'}",testimonial,0.9065934065934066
AhZo0QfFO9E.mp4,success,"{'brand_name_text': 'PRADA', 'logo_visible': True, 'logo_timestamps': [98.8], 'brand_text_contrast': 'high'}","{'product_name': 'Fashion collection', 'industry': 'Clothing and accessories'}",brand_awareness,0.5473684210526315
AhlpVjZxutw.mp4,success,"{'brand_name_text': 'Cookie Jam', 'logo_visible': True, 'logo_timestamps': [11.5, 18.7, 20.1, 25.1], 'brand_text_contrast': 'high'}","{'product_name': 'Cookie Jam', 'industry': 'Games and toys'}",entertainment,0.7738095238095238
Ao0jaXRAarQ.mp4,success,"{'brand_name_text': 'spokes.com.au', 'logo_visible': True, 'logo_timestamps': [55.2, 57.5], 'brand_text_contrast': 'high'}","{'product_name': 'Motorcycle safety skills course', 'industry': 'Safety & Public Service'}",brand_awareness,0.8378378378378378
Ao2PTDCiRxU.mp4,success,"{'brand_name_text': 'SQUARE ENIX', 'logo_visible': True, 'logo_timestamps': [9.3], 'brand_text_contrast': 'high'}","{'product_name': 'Life Is Strange', 'industry': 'Games and toys'}",brand_awareness,0.767379679144385
Ar7Fj1LzFp8.mp4,success,"{'brand_name_text': 'Maggi', 'logo_visible': True, 'logo_timestamps': [3.5, 9.1, 10.7, 33.0, 34.5], 'brand_text_contrast': 'high'}","{'product_name': 'Maggi Hot & Sweet Tomato Chili Sauce', 'industry': 'food & beverage'}",entertainment,0.7162162162162162
ArTzPA5AsTg.mp4,success,"{'brand_name_text': 'NECKERMANN', 'logo_visible': True, 'logo_timestamps': [22.3, 23.9], 'brand_text_contrast': 'high'}","{'product_name': 'Vacation packages', 'industry': 'Vacation and travel'}",brand_awareness,0.7021276595744681
Avsp_UJ3mrY.mp4,success,"{'brand_name_text': 'Folgers', 'logo_visible': True, 'logo_timestamps': [25.4, 33.5, 35.9, 54.6], 'brand_text_contrast': 'high'}","{'product_name': 'Folgers Coffee', 'industry': 'Food & Beverage'}",testimonial,0.8333333333333334
B-XHdkCsc5U.mp4,success,"{'brand_name_text': 'hp', 'logo_visible': True, 'logo_timestamps': [13.9, 14.3, 17.3, 27.9, 88.8], 'brand_text_contrast': 'high'}","{'product_name': 'HP My Stage', 'industry': 'technology'}",brand_awareness,0.8035714285714286
B3NGN4t4hm4.mp4,success,"{'brand_name_text': 'GM', 'logo_visible': True, 'logo_timestamps': [12.7, 52.0, 57.2], 'brand_text_contrast': 'high'}","{'product_name': '5-year/100,000-mile powertrain warranty', 'industry': 'automotive'}",brand_awareness,0.6766917293233083
BGs8PDQmbLQ.mp4,success,"{'brand_name_text': ""SMUCKER'S"", 'logo_visible': True, 'logo_timestamps': [0.0, 1.9, 13.5], 'brand_text_contrast': 'high'}","{'product_name': 'Strawberry Jam', 'industry': 'Food & Beverage'}",product_demo,0.7636363636363637
BJQfT9C5Adc.mp4,success,"{'brand_name_text': 'RYAN LEE CHIROPRACTIC CENTER', 'logo_visible': True, 'logo_timestamps': [0.0, 2.4, 4.0, 5.3, 11.2, 12.9, 20.2, 21.5, 22.4, 22.9, 23.8, 24.6, 26.3, 27.8, 34.8, 41.4, 48.4, 48.8, 48.9], 'brand_text_contrast': 'high'}","{'product_name': 'holistic chiropractic care', 'industry': 'Healthcare'}",brand_awareness,0.6274509803921569
BRMQ08cG4Xg.mp4,success,"{'brand_name_text': 'HELL', 'logo_visible': True, 'logo_timestamps': [24.7, 25.1, 29.6, 45.5, 51.5, 52.5, 55.0, 56.4], 'brand_text_contrast': 'high'}","{'product_name': 'HELL Energy Drink', 'industry': 'Food & Beverage'}",brand_awareness,0.751219512195122
BSaBDtpts4c.mp4,success,"{'brand_name_text': 'XBOX ONE', 'logo_visible': True, 'logo_timestamps': [0.0, 1.1, 54.2, 62.7, 67.7, 82.0], 'brand_text_contrast': 'high'}","{'product_name': 'Xbox One', 'industry': 'Electronics'}",entertainment,0.8048780487804879
BVWXKziczM8.mp4,success,"{'brand_name_text': 'under.me', 'logo_visible': True, 'logo_timestamps': [2.5, 9.3, 15.3, 17.4, 17.6, 18.9, 21.4, 22.9, 25.5, 31.5, 41.5, 43.6, 45.3, 45.8, 46.1, 47.7, 49.2], 'brand_text_contrast': 'high'}","{'product_name': 'underwear', 'industry': 'Clothing and accessories'}",brand_awareness,0.6666666666666667
Bdegk_3T2K0.mp4,success,"{'brand_name_text': 'MEGAMAN', 'logo_visible': True, 'logo_timestamps': [51.5], 'brand_text_contrast': 'high'}","{'product_name': 'Mega Man Legacy Collection', 'industry': 'Games and toys'}",entertainment,0.875
BeougwoxuMg.mp4,success,"{'brand_name_text': 'shampoo_ch', 'logo_visible': True, 'logo_timestamps': [0.0], 'brand_text_contrast': 'high'}","{'product_name': 'Professional hair products', 'industry': 'Beauty products and cosmetics'}",entertainment,0.9441624365482233
BgZluCEBS6w.mp4,success,"{'brand_name_text': 'ŠKODA', 'logo_visible': True, 'logo_timestamps': [18.6, 33.4, 35.1, 37.9, 45.0, 48.5, 50.9, 53.3, 54.8, 55.3, 58.5], 'brand_text_contrast': 'high'}","{'product_name': 'Octavia vRS', 'industry': 'Automotive'}",entertainment,0.7443609022556391
Bh3b6M4g8BA.mp4,success,"{'brand_name_text': 'Jollibee', 'logo_visible': True, 'logo_timestamps': [6.2, 108.8], 'brand_text_contrast': 'high'}","{'product_name': 'Chickenjoy', 'industry': 'food & beverage'}",entertainment,0.9298245614035088
BhYnz0JQKUo.mp4,success,"{'brand_name_text': 'SUBWAY', 'logo_visible': True, 'logo_timestamps': [0.0, 1.6, 14.9, 19.8, 27.1, 29.5, 34.0, 38.0, 41.3, 43.9, 46.2], 'brand_text_contrast': 'high'}","{'product_name': 'Chicken Tandoori sandwich', 'industry': 'food & beverage'}",product_demo,0.8666666666666667
Bl6PZDkaT1I.mp4,success,"{'brand_name_text': 'GoPro', 'logo_visible': True, 'logo_timestamps': [0.0, 26.2], 'brand_text_contrast': 'high'}","{'product_name': 'GoPro HERO3+', 'industry': 'technology'}",product_demo,0.9067796610169492
BntPVmeo7ro.mp4,success,"{'brand_name_text': '빙그레', 'logo_visible': True, 'logo_timestamps': [5.0], 'brand_text_contrast': 'high'}","{'product_name': '바나나맛우유', 'industry': 'Food & Beverage'}",entertainment,0.8
Bp4tUXc5wZo.mp4,success,"{'brand_name_text': None, 'logo_visible': False, 'logo_timestamps': [], 'brand_text_contrast': 'low'}","{'product_name': 'Home furniture and decor', 'industry': 'Home & Lifestyle'}",brand_awareness,0.6111111111111112
BqS_gtuGPGQ.mp4,success,"{'brand_name_text': 'OLD EL PASO', 'logo_visible': True, 'logo_timestamps': [4.8, 6.0, 7.0, 27.1], 'brand_text_contrast': 'high'}","{'product_name': 'Refried Beans and Taco Seasoning', 'industry': 'Food & Beverage'}",tutorial,0.9032258064516129
Bqfow_TmNh4.mp4,success,"{'brand_name_text': 'PANDA POP', 'logo_visible': True, 'logo_timestamps': [0.0, 4.4, 5.8, 7.0, 8.0, 9.4, 10.0, 12.2, 13.5, 15.5, 16.3, 18.2, 19.8, 20.2, 21.2, 22.2, 24.8, 26.1, 27.4], 'brand_text_contrast': 'high'}","{'product_name': 'Panda Pop', 'industry': 'Games and toys'}",product_demo,0.8693181818181819
BqjKUubsohs.mp4,success,"{'brand_name_text': 'NESCAFÉ', 'logo_visible': True, 'logo_timestamps': [0.0, 17.1, 21.9, 23.1, 24.6, 25.1, 25.6, 72.8, 77.5, 77.9, 81.4], 'brand_text_contrast': 'high'}","{'product_name': 'NESCAFÉ Gold Blend Barista Machine', 'industry': 'Food & Beverage'}",entertainment,0.736842105263158
BtKw7V7hGok.mp4,success,"{'brand_name_text': 'LEAGUE AGAINST CRUEL SPORTS', 'logo_visible': True, 'logo_timestamps': [105.7], 'brand_text_contrast': 'medium'}","{'product_name': 'Animal rights advocacy', 'industry': 'Non-profit/Charity'}",brand_awareness,0.8743633276740238
Bw0KIjIfprU.mp4,success,"{'brand_name_text': 'Berocca', 'logo_visible': True, 'logo_timestamps': [1.9, 4.0, 12.2], 'brand_text_contrast': 'high'}","{'product_name': 'Berocca Vitamin Mineral Supplement', 'industry': 'Healthcare and medications'}",product_demo,0.7647058823529411
By0S8NpLPH4.mp4,success,"{'brand_name_text': 'mentos', 'logo_visible': True, 'logo_timestamps': [14.0, 25.6, 29.2], 'brand_text_contrast': 'high'}","{'product_name': 'Mentos Mint', 'industry': 'Food & Beverage'}",entertainment,0.9473684210526316
C6d4o6hxZOY.mp4,success,"{'brand_name_text': 'Babybel', 'logo_visible': True, 'logo_timestamps': [1.1, 2.1, 3.0, 7.2, 8.7, 11.4, 18.6, 19.1], 'brand_text_contrast': 'high'}","{'product_name': 'Mini Babybel', 'industry': 'Food & Beverage'}",entertainment,0.7272727272727273
C7WeZbRbxwg.mp4,success,"{'brand_name_text': 'BARTLES & JAYMES', 'logo_visible': True, 'logo_timestamps': [11.8, 12.2], 'brand_text_contrast': 'medium'}","{'product_name': 'Bartles & Jaymes premium red cooler', 'industry': 'Alcohol'}",entertainment,0.8974358974358975
CD8wwepuGas.mp4,success,"{'brand_name_text': 'SCION', 'logo_visible': True, 'logo_timestamps': [0.0, 0.1, 9.8, 10.5, 15.9, 25.1, 26.9, 34.0, 41.2, 42.1, 43.6, 56.0, 57.1, 58.1, 60.0], 'brand_text_contrast': 'high'}","{'product_name': 'Scion Pure Process Plus', 'industry': 'Automotive'}",product_demo,0.8714285714285714
CDuxXjaJwbI.mp4,success,"{'brand_name_text': 'ml motimli', 'logo_visible': True, 'logo_timestamps': [5.5], 'brand_text_contrast': 'medium'}","{'product_name': ""women's fashion"", 'industry': 'Clothing and accessories'}",brand_awareness,0.5764705882352941
CGb4s-Hix90.mp4,success,"{'brand_name_text': 'GRAND CANYON UNIVERSITY', 'logo_visible': True, 'logo_timestamps': [16.4, 23.2], 'brand_text_contrast': 'high'}","{'product_name': 'University Education', 'industry': 'Education'}",brand_awareness,0.7383177570093458
CLzi3okueM8.mp4,success,"{'brand_name_text': 'KEEP THE PROMISE III', 'logo_visible': True, 'logo_timestamps': [26.1], 'brand_text_contrast': 'low'}","{'product_name': 'Political opposition to Donald Trump', 'industry': 'Political candidates (support or opposition)'}",entertainment,0.5
CNoivLvheUA.mp4,success,"{'brand_name_text': 'Brookfield', 'logo_visible': True, 'logo_timestamps': [1.1, 3.9, 27.5], 'brand_text_contrast': 'high'}","{'product_name': 'Snowmobile safety', 'industry': 'Safety'}",brand_awareness,0.8181818181818181
CXO_zyozrHA.mp4,success,"{'brand_name_text': 'Cadbury', 'logo_visible': True, 'logo_timestamps': [9.8, 11.8, 12.1, 24.1, 34.3, 36.9], 'brand_text_contrast': 'high'}","{'product_name': 'Dairy Milk', 'industry': 'Food & Beverage'}",brand_awareness,0.6022727272727273
CXPgCq-EMk8.mp4,success,"{'brand_name_text': 'seamless', 'logo_visible': True, 'logo_timestamps': [0.0, 1.4, 9.2, 11.2], 'brand_text_contrast': 'high'}","{'product_name': 'Seamless.com online food ordering service', 'industry': 'Software'}",product_demo,0.7924528301886793
Cclzg9ZiUG4.mp4,success,"{'brand_name_text': 'ANGRY ORCHARD', 'logo_visible': True, 'logo_timestamps': [4.6, 11.4, 13.6, 17.9, 19.2, 26.6, 28.2, 28.6], 'brand_text_contrast': 'high'}","{'product_name': 'Angry Orchard Hard Cider', 'industry': 'Alcohol'}",brand_awareness,0.8319327731092436
CdKcjxUib4Q.mp4,success,"{'brand_name_text': 'west elm', 'logo_visible': True, 'logo_timestamps': [71.1], 'brand_text_contrast': 'medium'}","{'product_name': 'Terrarium design partnership', 'industry': 'Home decor'}",brand_awareness,0.8426229508196721
CgxYSbtp9JE.mp4,success,"{'brand_name_text': 'EAT24', 'logo_visible': True, 'logo_timestamps': [0.0, 4.2, 7.5, 10.7, 15.6, 17.0, 22.6, 27.0], 'brand_text_contrast': 'high'}","{'product_name': 'online food ordering service', 'industry': 'Restaurants, cafe, fast food'}",entertainment,0.6666666666666667
CjaChfeguhk.mp4,success,"{'brand_name_text': 'SAN MANUEL INDIAN BINGO & CASINO', 'logo_visible': True, 'logo_timestamps': [28.1], 'brand_text_contrast': 'high'}","{'product_name': 'Casino and Dining Experience', 'industry': 'Gambling'}",brand_awareness,0.8058252427184466
CkF1rck0hIc.mp4,success,"{'brand_name_text': 'AXE', 'logo_visible': True, 'logo_timestamps': [28.9], 'brand_text_contrast': 'high'}","{'product_name': 'Axe Body Spray', 'industry': 'Beauty products and cosmetics'}",entertainment,0.4375
Clu36dt2y88.mp4,success,"{'brand_name_text': 'Jammie Dodgers', 'logo_visible': True, 'logo_timestamps': [5.3, 6.2, 8.1, 14.1, 20.8, 23.6, 24.7, 27.8, 29.9, 35.2, 35.9, 42.0, 44.0, 49.5, 51.8, 55.1, 56.4, 58.6], 'brand_text_contrast': 'high'}","{'product_name': 'Jammie Dodgers', 'industry': 'Food & Beverage'}",entertainment,0.86
Cqs2F-lpGrA.mp4,success,"{'brand_name_text': 'UNDER ARMOUR', 'logo_visible': True, 'logo_timestamps': [9.2, 11.8, 16.8, 21.0, 33.3, 56.5], 'brand_text_contrast': 'medium'}","{'product_name': 'Basketball Shoes', 'industry': 'Sports Apparel'}",brand_awareness,0.8163265306122449
Cs6A-FCUPdw.mp4,success,"{'brand_name_text': 'GAME OF WAR FIRE AGE', 'logo_visible': True, 'logo_timestamps': [26.6], 'brand_text_contrast': 'high'}","{'product_name': 'Game of War: Fire Age', 'industry': 'Games and toys'}",entertainment,0.8058252427184466
Cu-qFrFMc_w.mp4,success,"{'brand_name_text': 'NESCAFE', 'logo_visible': True, 'logo_timestamps': [1.1, 6.2, 7.2, 8.2, 9.2, 16.2, 17.2, 19.7, 21.6, 22.2, 26.9, 27.3], 'brand_text_contrast': 'high'}","{'product_name': 'NESCAFE Creamy White', 'industry': 'food & beverage'}",product_demo,0.6140350877192983
Cx_5i5rWVE0.mp4,success,"{'brand_name_text': 'Double A', 'logo_visible': True, 'logo_timestamps': [24.7], 'brand_text_contrast': 'high'}","{'product_name': 'Double A Double Quality Paper', 'industry': 'Office Supplies'}",entertainment,0.75
D0cyg74awpI.mp4,success,"{'brand_name_text': 'Chipsmore', 'logo_visible': True, 'logo_timestamps': [0.0, 1.9, 5.5, 14.6, 17.2, 18.8, 19.9, 22.8], 'brand_text_contrast': 'high'}","{'product_name': 'Chipsmore Original Cookies', 'industry': 'Food & Beverage'}",entertainment,0.9361702127659575
D1leFabPbPw.mp4,success,"{'brand_name_text': 'mr green', 'logo_visible': True, 'logo_timestamps': [0.0, 1.9, 25.4, 27.2], 'brand_text_contrast': 'high'}","{'product_name': 'Online Casino', 'industry': 'Gambling'}",brand_awareness,0.8258064516129032
D3J7R6WBJJc.mp4,success,"{'brand_name_text': 'Apple', 'logo_visible': True, 'logo_timestamps': [11.6], 'brand_text_contrast': 'medium'}","{'product_name': 'iPhone Parachute System Concept', 'industry': 'Electronics'}",product_demo,0.9404761904761905
D3KsGTIeO7A.mp4,success,"{'brand_name_text': 'A THIN LINE', 'logo_visible': True, 'logo_timestamps': [28.1], 'brand_text_contrast': 'high'}","{'product_name': 'Cyberbullying Awareness PSA', 'industry': 'Social Awareness'}",brand_awareness,0.8088235294117647
D5H1A7-6E_U.mp4,success,"{'brand_name_text': 'KANO', 'logo_visible': True, 'logo_timestamps': [5.8, 8.1, 8.5, 8.6, 10.4, 11.2, 13.3, 19.0, 26.6, 42.6, 98.0], 'brand_text_contrast': 'high'}","{'product_name': 'Kano Computer Kit', 'industry': 'Electronics'}",product_demo,0.7647058823529411
D9_WzE28IwE.mp4,success,"{'brand_name_text': '5', 'logo_visible': True, 'logo_timestamps': [0.0, 13.6], 'brand_text_contrast': 'high'}","{'product_name': 'Peppermint Cobalt gum', 'industry': 'Food & Beverage'}",brand_awareness,0.75
DED1fp04298.mp4,success,"{'brand_name_text': 'Persona Doctors', 'logo_visible': True, 'logo_timestamps': [0.0, 6.9, 17.9, 20.9, 23.6, 25.4, 26.4], 'brand_text_contrast': 'high'}","{'product_name': 'Medical weight loss plan', 'industry': 'Healthcare and medications'}",brand_awareness,0.8157894736842105
DLGac1KQbsU.mp4,success,"{'brand_name_text': 'HYUNDAI', 'logo_visible': True, 'logo_timestamps': [20.6, 22.3, 28.1, 30.4], 'brand_text_contrast': 'high'}","{'product_name': 'Hyundai Eon', 'industry': 'automotive'}",brand_awareness,0.6025641025641026
DMA4o6zqw58.mp4,success,"{'brand_name_text': 'bpi SPORTS', 'logo_visible': True, 'logo_timestamps': [4.1, 6.7, 7.2, 10.2, 11.1, 15.8, 26.8, 33.4, 50.2, 52.4, 59.8], 'brand_text_contrast': 'high'}","{'product_name': '1.M.R Vortex Pre-training Powder', 'industry': 'Healthcare and medications'}",product_demo,0.8262548262548263
DXvW6i1U_uc.mp4,success,"{'brand_name_text': 'SAN MANUEL INDIAN BINGO & CASINO', 'logo_visible': True, 'logo_timestamps': [6.9, 23.1, 23.8, 23.9, 26.1, 27.4], 'brand_text_contrast': 'high'}","{'product_name': 'Aaron Lewis Live Concert', 'industry': 'Gambling'}",entertainment,0.8333333333333334
DZRmcKX85so.mp4,success,"{'brand_name_text': 'AIR NEW ZEALAND', 'logo_visible': True, 'logo_timestamps': [11.2, 16.1, 16.8, 43.1, 44.0], 'brand_text_contrast': 'high'}","{'product_name': 'Airline services', 'industry': 'Airlines'}",brand_awareness,0.8109243697478992
D_Uhig7L22c.mp4,success,"{'brand_name_text': 'TOYOTA', 'logo_visible': True, 'logo_timestamps': [10.7, 11.7, 27.5], 'brand_text_contrast': 'high'}","{'product_name': 'Toyota Production System', 'industry': 'automotive'}",testimonial,0.7702702702702703
Dd_GSSQQGNY.mp4,success,"{'brand_name_text': 'Cadbury', 'logo_visible': True, 'logo_timestamps': [26.8], 'brand_text_contrast': 'high'}","{'product_name': 'Cadbury Dairy Milk', 'industry': 'Food & Beverage'}",brand_awareness,0.4285714285714286
DhOIJBk7KaU.mp4,success,"{'brand_name_text': 'GAME OF WAR', 'logo_visible': True, 'logo_timestamps': [52.9, 58.9], 'brand_text_contrast': 'high'}","{'product_name': 'Game of War: Fire Age', 'industry': 'Games and toys'}",brand_awareness,0.6153846153846154
Dip_ThFvjKI.mp4,success,"{'brand_name_text': ""WRIGLEY'S Juicy Fruit"", 'logo_visible': True, 'logo_timestamps': [1.9, 2.6, 5.8, 8.0, 14.4, 18.1, 25.6, 27.6, 30.3], 'brand_text_contrast': 'high'}","{'product_name': 'Juicy Fruit Slim Pack', 'industry': 'Food & Beverage'}",brand_awareness,0.9072164948453608
DkJ2tyCzyiA.mp4,success,"{'brand_name_text': 'Peru', 'logo_visible': True, 'logo_timestamps': [105.0], 'brand_text_contrast': 'high'}","{'product_name': 'Peru tourism', 'industry': 'Vacation and travel'}",brand_awareness,0.5535714285714286
DlB4hFTAxOo.mp4,success,"{'brand_name_text': 'DAIRY MILK', 'logo_visible': True, 'logo_timestamps': [40.3, 40.7, 49.0, 56.7, 65.3], 'brand_text_contrast': 'high'}","{'product_name': 'Cadbury Dairy Milk', 'industry': 'Food & Beverage'}",entertainment,0.7522935779816513
Du1dnKppn-s.mp4,success,"{'brand_name_text': 'CDC', 'logo_visible': True, 'logo_timestamps': [23.8, 24.1], 'brand_text_contrast': 'medium'}","{'product_name': 'HPV vaccine', 'industry': 'Healthcare'}",testimonial,0.8421052631578947
DvpKouRTCx0.mp4,success,"{'brand_name_text': 'SNICKERS', 'logo_visible': True, 'logo_timestamps': [13.1, 14.8, 22.2, 27.1], 'brand_text_contrast': 'high'}","{'product_name': 'Snickers chocolate bar', 'industry': 'Food & Beverage'}",entertainment,0.8367346938775511
DwhTYFwfACA.mp4,success,"{'brand_name_text': 'GATORADE', 'logo_visible': True, 'logo_timestamps': [5.0, 9.9, 19.1, 24.5], 'brand_text_contrast': 'high'}","{'product_name': 'Gatorade', 'industry': 'food & beverage'}",brand_awareness,0.9071729957805907
DyMtcblMXfM.mp4,success,"{'brand_name_text': 'Maggi', 'logo_visible': True, 'logo_timestamps': [14.5, 16.5, 59.1, 63.7, 63.9], 'brand_text_contrast': 'high'}","{'product_name': 'Maggi 2-Minute Noodles', 'industry': 'Food & Beverage'}",brand_awareness,0.6105263157894737
DyO-z_7Ip9c.mp4,success,"{'brand_name_text': 'Life Savers', 'logo_visible': True, 'logo_timestamps': [17.9, 19.8, 21.6, 26.8, 28.2, 28.3], 'brand_text_contrast': 'low'}","{'product_name': 'Life Savers candy', 'industry': 'food & beverage'}",entertainment,0.7291666666666667
E3h-T3KQNxU.mp4,success,"{'brand_name_text': 'THE GUARDIAN', 'logo_visible': True, 'logo_timestamps': [25.0], 'brand_text_contrast': 'high'}","{'product_name': 'The Guardian newspaper', 'industry': 'Media and arts'}",brand_awareness,0.8157894736842105
E3pMBPFUPFM.mp4,success,"{'brand_name_text': 'セックス マシンガンズ', 'logo_visible': False, 'logo_timestamps': [], 'brand_text_contrast': 'high'}","{'product_name': '世直し GOOD VIBRATION', 'industry': 'Media and arts'}",entertainment,0.9685039370078741
E4_ygnUilm4.mp4,success,"{'brand_name_text': 'แบล็คอัพ', 'logo_visible': True, 'logo_timestamps': [27.9, 30.6], 'brand_text_contrast': 'high'}","{'product_name': 'Black Up Energy Drink', 'industry': 'Food & Beverage'}",entertainment,0.8098591549295775
E7QpcewlSqI.mp4,success,"{'brand_name_text': 'TreesWork.org', 'logo_visible': True, 'logo_timestamps': [27.2], 'brand_text_contrast': 'high'}","{'product_name': 'Benefits of trees for children', 'industry': 'Environment & Nature'}",brand_awareness,0.7931034482758621
EC9j6Wfdq3o.mp4,success,"{'brand_name_text': 'National Security PAC', 'logo_visible': False, 'logo_timestamps': [], 'brand_text_contrast': 'medium'}","{'product_name': 'George H.W. Bush (Political Candidate)', 'industry': 'Political candidates (support or opposition)'}",brand_awareness,0.9623430962343096
EIv10asX7cc.mp4,success,"{'brand_name_text': 're', 'logo_visible': True, 'logo_timestamps': [2.9, 7.7, 8.2, 10.2, 11.2, 13.2, 15.6, 15.8, 16.6, 18.4, 20.9, 27.6, 28.0, 29.1, 32.2, 35.1, 38.9, 39.0, 42.3], 'brand_text_contrast': 'medium'}","{'product_name': 'RE camera', 'industry': 'Electronics'}",product_demo,0.8990384615384616
EJtZiGb5nEU.mp4,success,"{'brand_name_text': 'SWASH', 'logo_visible': True, 'logo_timestamps': [4.5, 17.6, 19.0, 21.2, 27.0, 54.3], 'brand_text_contrast': 'high'}","{'product_name': 'Swash 10-minute clothing care system', 'industry': 'Home appliances'}",product_demo,0.7708333333333334
EJxibzQfeBA.mp4,success,"{'brand_name_text': 'moto g', 'logo_visible': True, 'logo_timestamps': [0.0, 6.9, 7.8, 9.7, 11.4, 12.3, 12.4, 13.3, 15.2], 'brand_text_contrast': 'high'}","{'product_name': 'Moto G Turbo Edition', 'industry': 'Electronics'}",product_demo,0.8043478260869565
ENau7AkayN8.mp4,success,"{'brand_name_text': 'OREO', 'logo_visible': True, 'logo_timestamps': [0.0, 6.2, 7.3, 11.4, 24.0, 29.1, 47.2, 48.0, 49.6, 51.4, 52.8, 54.4, 54.9, 58.9], 'brand_text_contrast': 'high'}","{'product_name': 'Oreo Filled Cupcake', 'industry': 'food & beverage'}",entertainment,0.9166666666666666
EOyQfd7OqIY.mp4,success,"{'brand_name_text': ""Wendy's"", 'logo_visible': True, 'logo_timestamps': [22.1, 24.2, 26.7, 27.1, 29.8], 'brand_text_contrast': 'high'}","{'product_name': ""Wendy's Single"", 'industry': 'Restaurants, cafe, fast food'}",entertainment,0.9137931034482758
EQobIUE1zTU.mp4,success,"{'brand_name_text': 'Defenders of Wildlife Action Fund', 'logo_visible': False, 'logo_timestamps': [], 'brand_text_contrast': 'low'}","{'product_name': 'Opposition to Sarah Palin', 'industry': 'Political'}",brand_awareness,0.8805031446540881
EQtwo0xPvK4.mp4,success,"{'brand_name_text': 'Selecta Cornetto', 'logo_visible': True, 'logo_timestamps': [6.3, 10.5, 16.5, 19.1, 27.9, 29.8, 29.9, 30.1, 30.6], 'brand_text_contrast': 'high'}","{'product_name': 'Cornetto Black & White', 'industry': 'food & beverage'}",entertainment,0.56
EZ5MxR80uYw.mp4,success,"{'brand_name_text': 'EVEREADY', 'logo_visible': True, 'logo_timestamps': [0.0, 10.9, 12.3, 13.9], 'brand_text_contrast': 'high'}","{'product_name': 'Eveready Gold batteries', 'industry': 'Electronics'}",brand_awareness,0.7346938775510203
EbnWbdR9wSY.mp4,success,"{'brand_name_text': 'E*TRADE', 'logo_visible': True, 'logo_timestamps': [31.4], 'brand_text_contrast': 'high'}","{'product_name': 'Investment services', 'industry': 'Financial services'}",entertainment,0.7972972972972973
Ed3vswxJKgI.mp4,success,"{'brand_name_text': ""Folger's"", 'logo_visible': True, 'logo_timestamps': [21.6, 22.4, 24.1, 29.9, 33.5, 36.0, 43.4, 45.0, 53.5, 55.4, 60.4], 'brand_text_contrast': 'high'}","{'product_name': ""Folger's Coffee"", 'industry': 'food & beverage'}",product_demo,0.9106145251396648
EgmNEgIFBTQ.mp4,success,"{'brand_name_text': 'Nestle Nesfruta', 'logo_visible': True, 'logo_timestamps': [1.4, 2.0, 4.0, 5.2, 8.8, 9.6, 12.8, 20.9, 23.4, 25.6, 26.7], 'brand_text_contrast': 'high'}","{'product_name': 'Nesfruta Guyabano', 'industry': 'food & beverage'}",brand_awareness,0.8264462809917356
Ei6JvK0W60I.mp4,success,"{'brand_name_text': 'the dove self-esteem fund', 'logo_visible': True, 'logo_timestamps': [73.7], 'brand_text_contrast': 'medium'}","{'product_name': 'self-esteem programs', 'industry': 'Beauty products and cosmetics'}",brand_awareness,0.8781512605042017
EkcRPhF2gO0.mp4,success,"{'brand_name_text': 'Ah Huat', 'logo_visible': True, 'logo_timestamps': [20.8, 33.0, 33.7, 35.3, 39.0, 39.9, 44.1, 51.7, 58.9], 'brand_text_contrast': 'high'}","{'product_name': 'Ah Huat White Coffee', 'industry': 'food & beverage'}",entertainment,0.7094972067039106
Es_uivijpek.mp4,success,"{'brand_name_text': 'ZAZOO', 'logo_visible': True, 'logo_timestamps': [39.0], 'brand_text_contrast': 'high'}","{'product_name': 'condoms', 'industry': 'healthcare'}",entertainment,0.9022346368715084
Evnaic2jP7E.mp4,success,"{'brand_name_text': 'NanaWall', 'logo_visible': True, 'logo_timestamps': [54.0, 67.3, 67.5], 'brand_text_contrast': 'medium'}","{'product_name': 'Folding Glass Walls', 'industry': 'Home improvements and repairs'}",product_demo,0.8277511961722488
EzW4d4QknOs.mp4,success,"{'brand_name_text': 'Ball MITSUBISHI', 'logo_visible': True, 'logo_timestamps': [2.7, 17.4, 21.1, 27.1], 'brand_text_contrast': 'high'}","{'product_name': '2015 Mitsubishi Lancer ES', 'industry': 'automotive'}",brand_awareness,0.8809523809523809
F-z_WSTjr7c.mp4,success,"{'brand_name_text': 'Nestle', 'logo_visible': True, 'logo_timestamps': [0.0, 2.6, 10.1, 27.1, 27.6, 27.9], 'brand_text_contrast': 'high'}","{'product_name': 'Wonder Ball', 'industry': 'Chocolate, cookies, candy, ice cream'}",product_demo,0.8538461538461538
F02kgBHjBms.mp4,success,"{'brand_name_text': 'PlayStation 2', 'logo_visible': True, 'logo_timestamps': [54.7], 'brand_text_contrast': 'high'}","{'product_name': 'SmackDown! Here Comes The Pain', 'industry': 'Games and toys'}",product_demo,0.8585131894484412
F0ZSXQCXX1A.mp4,success,"{'brand_name_text': 'Good knight', 'logo_visible': True, 'logo_timestamps': [0.0, 30.6, 32.1, 34.0], 'brand_text_contrast': 'high'}","{'product_name': 'Good knight ADVANCED', 'industry': 'Cleaning products'}",product_demo,0.8125
F7hwvWIK1eM.mp4,success,"{'brand_name_text': ""WRIGLEY'S DOUBLEMINT"", 'logo_visible': True, 'logo_timestamps': [10.7, 12.4, 12.6, 13.3, 13.4, 28.1], 'brand_text_contrast': 'high'}","{'product_name': 'Doublemint Chewing Gum', 'industry': 'food & beverage'}",brand_awareness,0.8969957081545065
FCOlOcMk8XI.mp4,success,"{'brand_name_text': 'CLASH OF KINGS', 'logo_visible': True, 'logo_timestamps': [0.0, 0.8, 6.5, 7.5, 8.5, 9.2, 9.8, 10.8, 12.0, 12.9], 'brand_text_contrast': 'high'}","{'product_name': 'Clash of Kings', 'industry': 'Games'}",entertainment,0.8979591836734694
FEMAEdYryJ4.mp4,success,"{'brand_name_text': 'WARREN DAVIDSON', 'logo_visible': True, 'logo_timestamps': [1.6, 4.7, 9.9, 10.7, 17.6, 19.2, 24.2], 'brand_text_contrast': 'high'}","{'product_name': 'Warren Davidson for Congress', 'industry': 'Political candidates (support or opposition)'}",brand_awareness,0.9139784946236559
FFsL8JBVWm4.mp4,success,"{'brand_name_text': 'VISIT THE PHILIPPINES YEAR 2015', 'logo_visible': True, 'logo_timestamps': [30.1], 'brand_text_contrast': 'high'}","{'product_name': 'Tourism in the Philippines', 'industry': 'Vacation and travel'}",brand_awareness,0.8780487804878049
FHDKHKixKdY.mp4,success,"{'brand_name_text': 'drugfreeworld.org', 'logo_visible': True, 'logo_timestamps': [61.0], 'brand_text_contrast': 'medium'}","{'product_name': 'Anti-drug awareness', 'industry': 'Non-profit'}",testimonial,0.7579617834394905
FVsgso273EE.mp4,success,"{'brand_name_text': 'EA SPORTS, XBOX 360', 'logo_visible': True, 'logo_timestamps': [46.0, 54.0, 57.0, 57.5], 'brand_text_contrast': 'high'}","{'product_name': 'FIFA 14', 'industry': 'Games and toys'}",entertainment,0.8080808080808081
FVuNTiqHys0.mp4,success,"{'brand_name_text': 'Noé', 'logo_visible': True, 'logo_timestamps': [67.3], 'brand_text_contrast': 'medium'}","{'product_name': 'Environmental conservation petition', 'industry': 'Non-profit / Environmental Conservation'}",brand_awareness,0.5625
FZA37-7bw6o.mp4,success,"{'brand_name_text': 'SUPER EVOLUTION', 'logo_visible': True, 'logo_timestamps': [12.9], 'brand_text_contrast': 'high'}","{'product_name': 'Super Evolution', 'industry': 'Games and toys'}",entertainment,0.8728813559322034
F_M7zOew2Pc.mp4,success,"{'brand_name_text': 'Carlsberg', 'logo_visible': True, 'logo_timestamps': [39.9, 45.5, 46.1], 'brand_text_contrast': 'high'}","{'product_name': 'Carlsberg Lager', 'industry': 'Alcohol'}",entertainment,0.6363636363636364
FcVno8saeZY.mp4,success,"{'brand_name_text': 'Carvel', 'logo_visible': True, 'logo_timestamps': [0.9, 5.0, 28.2], 'brand_text_contrast': 'high'}","{'product_name': 'Ice cream cakes and plush dolls', 'industry': 'Food & Beverage'}",product_demo,0.9388888888888889
FhfcdqMTtU4.mp4,success,"{'brand_name_text': 'Quiznos Sub', 'logo_visible': True, 'logo_timestamps': [0.5, 1.4, 13.6, 14.8, 20.1, 25.4], 'brand_text_contrast': 'high'}","{'product_name': 'Santa Fe Smoked Turkey sub', 'industry': 'food & beverage'}",entertainment,0.9280575539568345
FhjX5ld3_v0.mp4,success,"{'brand_name_text': 'LIBERO PANTS', 'logo_visible': True, 'logo_timestamps': [0.0, 22.6, 22.7, 24.3, 26.3, 28.2, 29.8, 30.9, 31.2, 32.5, 34.1], 'brand_text_contrast': 'high'}","{'product_name': 'Libero Pants Dance Collection', 'industry': 'Baby products'}",product_demo,0.4901960784313726
FivFaqZrr4A.mp4,success,"{'brand_name_text': 'JEB 2016, INC.', 'logo_visible': True, 'logo_timestamps': [91.5, 95.0, 96.0, 99.0, 102.2, 105.5, 107.5, 112.3], 'brand_text_contrast': 'medium'}","{'product_name': 'Jeb Bush for President', 'industry': 'Political'}",brand_awareness,0.6338028169014085
Fj7kFvk-T7g.mp4,success,"{'brand_name_text': 'TATA MOTORS', 'logo_visible': True, 'logo_timestamps': [88.2], 'brand_text_contrast': 'high'}","{'product_name': 'Tata Nano', 'industry': 'automotive'}",entertainment,0.8051643192488263
FqvLcVBOhP4.mp4,success,"{'brand_name_text': 'TAC', 'logo_visible': True, 'logo_timestamps': [87.2], 'brand_text_contrast': 'high'}","{'product_name': 'Drink driving safety awareness', 'industry': 'Safety, safe driving'}",brand_awareness,0.8432055749128919
Fr6FklMc6B0.mp4,success,"{'brand_name_text': 'NISSAN', 'logo_visible': True, 'logo_timestamps': [18.9, 19.6, 23.5, 33.1, 58.0, 58.5, 60.5], 'brand_text_contrast': 'medium'}","{'product_name': 'Nissan Maxima GLE', 'industry': 'automotive'}",product_demo,0.8115183246073299
FsofrMY5kbo.mp4,success,"{'brand_name_text': 'National Tobacco Control Program, Ministry of Health & Family Welfare, Government of India', 'logo_visible': True, 'logo_timestamps': [0.0, 115.3], 'brand_text_contrast': 'high'}","{'product_name': 'Anti-tobacco public service announcement', 'industry': 'Healthcare'}",brand_awareness,0.8178294573643411
FtnESCiZRnw.mp4,success,"{'brand_name_text': 'Remco', 'logo_visible': False, 'logo_timestamps': [], 'brand_text_contrast': 'low'}","{'product_name': 'Baby Laugh-a-Lot', 'industry': 'Games and toys'}",product_demo,0.9581589958158996
FxZNhjkMtFE.mp4,success,"{'brand_name_text': 'Yakult', 'logo_visible': True, 'logo_timestamps': [0.0, 2.3, 18.5, 24.2], 'brand_text_contrast': 'high'}","{'product_name': 'Yakult Probiotic Drink', 'industry': 'food & beverage'}",entertainment,0.5909090909090908
G01psD8GU-M.mp4,success,"{'brand_name_text': 'Oishi', 'logo_visible': True, 'logo_timestamps': [26.9], 'brand_text_contrast': 'high'}","{'product_name': 'Oishi Slimming Greentea', 'industry': 'Food & Beverage'}",entertainment,0.7407407407407407
G1kkx2m-JSg.mp4,success,"{'brand_name_text': 'BIG BLUE MARBLE', 'logo_visible': True, 'logo_timestamps': [80.4, 84.2, 88.0], 'brand_text_contrast': 'high'}","{'product_name': 'Big Blue Marble TV Show', 'industry': 'Media and arts'}",brand_awareness,0.9734299516908212
G2wBnjtmmg8.mp4,success,"{'brand_name_text': 'Cadbury DAIRY MILK', 'logo_visible': True, 'logo_timestamps': [39.3], 'brand_text_contrast': 'high'}","{'product_name': 'Cadbury Dairy Milk', 'industry': 'Chocolate, cookies, candy, ice cream'}",entertainment,0.375
G9ZvxYcPJk8.mp4,success,"{'brand_name_text': 'NO MORE, JOYFUL HEART FOUNDATION', 'logo_visible': True, 'logo_timestamps': [26.8], 'brand_text_contrast': 'high'}","{'product_name': 'Domestic Violence and Sexual Assault Awareness', 'industry': 'Charities'}",brand_awareness,0.33333333333333337
G9wSAb_EbkA.mp4,success,"{'brand_name_text': 'GLAMOUR, COVERGIRL', 'logo_visible': True, 'logo_timestamps': [0.5, 102.1], 'brand_text_contrast': 'high'}","{'product_name': 'CoverGirl makeup products', 'industry': 'Beauty products and cosmetics'}",tutorial,0.7123287671232876
GF1RZ2A1cq4.mp4,success,"{'brand_name_text': 'Nestlé Fruita Vitals', 'logo_visible': True, 'logo_timestamps': [7.2, 15.7, 30.1], 'brand_text_contrast': 'high'}","{'product_name': 'Fruita Vitals Mango Juice', 'industry': 'Food & Beverage'}",entertainment,0.8571428571428572
GI4QhYrDQjQ.mp4,success,"{'brand_name_text': 'Microsoft', 'logo_visible': True, 'logo_timestamps': [2.9, 27.0, 30.0], 'brand_text_contrast': 'high'}","{'product_name': 'FIFA 16', 'industry': 'Games and toys'}",entertainment,0.6962025316455696
GINmvzOpfvc.mp4,success,"{'brand_name_text': 'SOUR PATCH Kids', 'logo_visible': True, 'logo_timestamps': [13.4], 'brand_text_contrast': 'high'}","{'product_name': 'Sour Patch Kids', 'industry': 'food & beverage'}",entertainment,0.8461538461538461
GM2C0fiZcp8.mp4,success,"{'brand_name_text': 'New South Wales Government', 'logo_visible': False, 'logo_timestamps': [], 'brand_text_contrast': 'high'}","{'product_name': 'Anti-smoking public service announcement', 'industry': 'Healthcare'}",brand_awareness,0.84375
GMovhjpIegg.mp4,success,"{'brand_name_text': 'Advance Auto Parts', 'logo_visible': True, 'logo_timestamps': [27.6], 'brand_text_contrast': 'high'}","{'product_name': 'Auto parts', 'industry': 'Automotive'}",brand_awareness,0.6666666666666667
GOhbZZy02lQ.mp4,success,"{'brand_name_text': 'MOBILE STRIKE', 'logo_visible': True, 'logo_timestamps': [9.0, 13.1, 13.3], 'brand_text_contrast': 'high'}","{'product_name': 'Mobile Strike', 'industry': 'Games and toys'}",entertainment,0.8571428571428572
GRKQJQIcn5o.mp4,success,"{'brand_name_text': 'THE LIBERALS', 'logo_visible': True, 'logo_timestamps': [14.2, 17.5], 'brand_text_contrast': 'high'}","{'product_name': 'Political platform', 'industry': 'Political candidates (support or opposition)'}",brand_awareness,0.4736842105263158
GURvHJNmGrc.mp4,success,"{'brand_name_text': 'SONY', 'logo_visible': True, 'logo_timestamps': [67.5, 69.8], 'brand_text_contrast': 'high'}","{'product_name': 'Bravia LCD Television', 'industry': 'Electronics'}",brand_awareness,0.8552278820375335
GcVF5wR0kUw.mp4,success,"{'brand_name_text': 'TUCK EVERLASTING THE MUSICAL', 'logo_visible': True, 'logo_timestamps': [10.6, 13.8], 'brand_text_contrast': 'high'}","{'product_name': 'Tuck Everlasting', 'industry': 'Media and arts'}",brand_awareness,0.9347826086956522
GgiDBuBxl6w.mp4,success,"{'brand_name_text': 'The Simpsons Tapped Out', 'logo_visible': True, 'logo_timestamps': [12.1, 54.8, 57.8], 'brand_text_contrast': 'high'}","{'product_name': 'The Simpsons: Tapped Out', 'industry': 'Mobile Gaming'}",entertainment,0.7663551401869159
Gn18qz-iVJI.mp4,success,"{'brand_name_text': 'Grocery Manufacturers Association', 'logo_visible': True, 'logo_timestamps': [27.4, 27.6], 'brand_text_contrast': 'medium'}","{'product_name': 'Uniform food labeling legislation', 'industry': 'Food & Beverage'}",testimonial,0.782051282051282
GqnjzONrPiA.mp4,success,"{'brand_name_text': 'PAMELA GORMAN for Congress', 'logo_visible': True, 'logo_timestamps': [11.8, 37.5], 'brand_text_contrast': 'high'}","{'product_name': 'Pamela Gorman for Congress', 'industry': 'Government & Politics'}",brand_awareness,0.8461538461538461
Gw_a4iutD1Q.mp4,success,"{'brand_name_text': None, 'logo_visible': False, 'logo_timestamps': [], 'brand_text_contrast': 'low'}","{'product_name': 'Unknown Film or Series', 'industry': 'Media & Entertainment'}",entertainment,0.78125
Gz-sC-vSIXk.mp4,success,"{'brand_name_text': 'Ford', 'logo_visible': True, 'logo_timestamps': [0.0], 'brand_text_contrast': 'medium'}","{'product_name': 'Ford Ka', 'industry': 'Automotive'}",brand_awareness,0.9473684210526316
GzmuQehRy3A.mp4,success,"{'brand_name_text': 'worldremit', 'logo_visible': True, 'logo_timestamps': [12.1, 33.4, 36.4], 'brand_text_contrast': 'high'}","{'product_name': 'Online money transfer service', 'industry': 'Financial services'}",product_demo,0.8571428571428572
H6JzeAHCd98.mp4,success,"{'brand_name_text': '20th CENTURY FOX', 'logo_visible': True, 'logo_timestamps': [0.6, 4.4, 5.2], 'brand_text_contrast': 'high'}","{'product_name': 'The Day After Tomorrow', 'industry': 'Media and arts'}",entertainment,0.8506493506493507
HAZ-wyCu8uE.mp4,success,"{'brand_name_text': 'truth', 'logo_visible': True, 'logo_timestamps': [58.2], 'brand_text_contrast': 'high'}","{'product_name': 'Anti-smoking campaign', 'industry': 'Healthcare'}",entertainment,0.7941176470588236
HAmI1MJECZ4.mp4,success,"{'brand_name_text': None, 'logo_visible': False, 'logo_timestamps': [], 'brand_text_contrast': 'low'}","{'product_name': 'Responsible drinking / Nightlife safety', 'industry': 'Public Service Announcement'}",brand_awareness,0.84472049689441
HEb04FxT0sg.mp4,success,"{'brand_name_text': 'Nuance', 'logo_visible': True, 'logo_timestamps': [2.2, 4.2, 4.3, 4.5, 6.7, 8.9, 9.1, 9.2, 10.3], 'brand_text_contrast': 'high'}","{'product_name': 'Dragon Anywhere', 'industry': 'Software'}",product_demo,0.6774193548387097
HG8tqEUTlvs.mp4,success,"{'brand_name_text': ""LEVI'S"", 'logo_visible': True, 'logo_timestamps': [54.4, 55.1, 58.3, 59.5], 'brand_text_contrast': 'high'}","{'product_name': 'Jeans', 'industry': 'Clothing and accessories'}",brand_awareness,0.771551724137931
HHA0HRjDgc8.mp4,success,"{'brand_name_text': 'Health Promotion Board', 'logo_visible': True, 'logo_timestamps': [29.4], 'brand_text_contrast': 'high'}","{'product_name': 'Quitline smoking cessation service', 'industry': 'Healthcare'}",testimonial,0.5
HJxkAcj9TKM.mp4,success,"{'brand_name_text': 'SPY GEAR', 'logo_visible': True, 'logo_timestamps': [0.0, 0.9, 23.2], 'brand_text_contrast': 'high'}","{'product_name': 'Tri-Optics Video Watch', 'industry': 'Games and toys'}",product_demo,0.7894736842105263
HK958YS_YNA.mp4,success,"{'brand_name_text': 'LifeWakeHeifer', 'logo_visible': False, 'logo_timestamps': [], 'brand_text_contrast': 'low'}","{'product_name': 'life-wake-keeper probiotic', 'industry': 'food & beverage'}",entertainment,0.8431372549019608
HKV0QuQsonk.mp4,success,"{'brand_name_text': 'Pepsi MAX', 'logo_visible': True, 'logo_timestamps': [40.5, 45.4], 'brand_text_contrast': 'high'}","{'product_name': 'Pepsi MAX', 'industry': 'food & beverage'}",entertainment,0.620253164556962
HNbyvCB3ncI.mp4,success,"{'brand_name_text': 'slumberland FURNITURE', 'logo_visible': True, 'logo_timestamps': [1.9, 8.7, 27.6, 29.8], 'brand_text_contrast': 'medium'}","{'product_name': 'home furniture', 'industry': 'Home improvements and repairs'}",brand_awareness,0.8461538461538461
HOYnOeo42ko.mp4,success,"{'brand_name_text': 'GEICO', 'logo_visible': True, 'logo_timestamps': [28.9], 'brand_text_contrast': 'high'}","{'product_name': 'car insurance', 'industry': 'automotive'}",testimonial,0.8
HQQs3nl0LcY.mp4,success,"{'brand_name_text': 'Coloreria Italiana', 'logo_visible': True, 'logo_timestamps': [2.6, 26.6, 36.7, 37.1], 'brand_text_contrast': 'high'}","{'product_name': 'Coloreria Italiana fabric dye', 'industry': 'Cleaning products'}",entertainment,0.7536231884057971
HRu7W935dyk.mp4,success,"{'brand_name_text': 'BBC earth', 'logo_visible': True, 'logo_timestamps': [0.0, 66.3, 92.5], 'brand_text_contrast': 'high'}","{'product_name': 'Nature documentary content', 'industry': 'Media and arts'}",entertainment,0.8661417322834646
HT666XwJR2s.mp4,success,"{'brand_name_text': 'TAC', 'logo_visible': True, 'logo_timestamps': [0.1, 1.6, 2.4, 3.5, 5.2, 9.3, 11.6, 13.9, 14.8, 15.3, 16.1, 20.1, 20.9, 21.3, 25.1, 25.2, 25.5, 26.9, 28.1, 29.7, 32.4, 34.1, 34.7, 36.0, 37.4, 38.5, 41.2, 43.5, 46.3, 48.7, 50.1, 50.8, 51.3, 56.9, 57.2, 57.3], 'brand_text_contrast': 'medium'}","{'product_name': 'Road safety awareness', 'industry': 'Safety'}",brand_awareness,0.5487804878048781
H_WSu29W1CQ.mp4,success,"{'brand_name_text': ""MONTANA'S"", 'logo_visible': True, 'logo_timestamps': [27.8], 'brand_text_contrast': 'high'}","{'product_name': ""Montana's Cookhouse"", 'industry': 'Restaurants, cafe, fast food'}",entertainment,0.375
HaYFeUhyQ9M.mp4,success,"{'brand_name_text': 'Bubble Yum', 'logo_visible': True, 'logo_timestamps': [12.7, 27.6], 'brand_text_contrast': 'high'}","{'product_name': 'Bubble Yum', 'industry': 'food & beverage'}",entertainment,0.920863309352518
HbTs3TLo414.mp4,success,"{'brand_name_text': 'EVERLAST', 'logo_visible': True, 'logo_timestamps': [86.0], 'brand_text_contrast': 'high'}","{'product_name': 'Boxing equipment', 'industry': 'Sports equipment and activities'}",brand_awareness,0.6532258064516129
HgwvNhQ_YzQ.mp4,success,"{'brand_name_text': 'Bernie Sanders', 'logo_visible': True, 'logo_timestamps': [13.2, 14.9], 'brand_text_contrast': 'high'}","{'product_name': 'Bernie Sanders', 'industry': 'Political candidates (support or opposition)'}",testimonial,0.8089887640449438
Hi2RE2Em6Cw.mp4,success,"{'brand_name_text': 'DC', 'logo_visible': True, 'logo_timestamps': [3.9, 6.7, 10.1, 10.6, 11.4, 12.0, 18.2, 19.1, 25.6, 34.4, 34.8, 35.2, 43.0], 'brand_text_contrast': 'high'}","{'product_name': 'Skateboarding shoes and apparel', 'industry': 'Clothing and accessories'}",brand_awareness,0.8547008547008547
HjKRxa7ZyMs.mp4,success,"{'brand_name_text': 'PETA', 'logo_visible': True, 'logo_timestamps': [37.1, 37.6, 37.9], 'brand_text_contrast': 'high'}","{'product_name': 'Veganism advocacy', 'industry': 'Animal rights'}",brand_awareness,0.7108433734939759
HnL-7x4n4d8.mp4,success,"{'brand_name_text': 'Volkswagen', 'logo_visible': True, 'logo_timestamps': [18.5], 'brand_text_contrast': 'high'}","{'product_name': 'Volkswagen Polo', 'industry': 'Automotive'}",brand_awareness,0.6744186046511628
HpoEk8nlUyA.mp4,success,"{'brand_name_text': '4imprint', 'logo_visible': True, 'logo_timestamps': [0.0, 4.8, 16.4], 'brand_text_contrast': 'high'}","{'product_name': 'promotional products', 'industry': 'Other services'}",brand_awareness,0.6470588235294117
Hqhn3eiNTr0.mp4,success,"{'brand_name_text': 'THE HAWAIIAN ISLANDS', 'logo_visible': True, 'logo_timestamps': [48.8, 50.5, 56.0, 56.5, 60.2, 60.9], 'brand_text_contrast': 'high'}","{'product_name': 'Oahu Vacation', 'industry': 'Vacation and travel'}",brand_awareness,0.7783783783783784
Hr-4Aln1Il8.mp4,success,"{'brand_name_text': 'Google maps', 'logo_visible': True, 'logo_timestamps': [0.0, 2.3, 4.8, 5.9, 29.7, 33.1], 'brand_text_contrast': 'high'}","{'product_name': 'Google Maps Street View', 'industry': 'technology'}",brand_awareness,0.819672131147541
Hs3Y5jQkuAk.mp4,success,"{'brand_name_text': 'THAI KITCHEN', 'logo_visible': True, 'logo_timestamps': [0.0, 1.8, 22.8, 24.0], 'brand_text_contrast': 'high'}","{'product_name': 'Organic Coconut Milk', 'industry': 'Food & Beverage'}",product_demo,0.7142857142857143
Hsufiso4mLo.mp4,success,"{'brand_name_text': 'PEPSI', 'logo_visible': True, 'logo_timestamps': [7.2, 16.1, 18.3, 33.3, 44.4, 51.9, 55.5, 68.5], 'brand_text_contrast': 'high'}","{'product_name': 'Pepsi', 'industry': 'food & beverage'}",entertainment,0.5882352941176471
HtYOm59fys8.mp4,success,"{'brand_name_text': 'Doritos', 'logo_visible': True, 'logo_timestamps': [1.9, 5.2, 6.7, 12.4, 18.0, 25.9, 26.6], 'brand_text_contrast': 'high'}","{'product_name': 'Doritos Nacho Cheese', 'industry': 'food & beverage'}",entertainment,0.7985074626865671
HyRMsv3aEkM.mp4,success,"{'brand_name_text': 'KNORR', 'logo_visible': True, 'logo_timestamps': [5.3, 10.4, 17.1, 91.8], 'brand_text_contrast': 'high'}","{'product_name': 'Knorr Caldo con Sabor de Pollo', 'industry': 'food & beverage'}",tutorial,0.9037328094302554
HypgcCT1r68.mp4,success,"{'brand_name_text': 'Indigo love of reading fund', 'logo_visible': True, 'logo_timestamps': [59.0], 'brand_text_contrast': 'high'}","{'product_name': 'Indigo love of reading fund', 'industry': 'Charities'}",brand_awareness,0.7659574468085106
Hzgzim5m7oU.mp4,success,"{'brand_name_text': 'purplefeather', 'logo_visible': True, 'logo_timestamps': [99.3, 105.1], 'brand_text_contrast': 'high'}","{'product_name': 'online content specialists', 'industry': 'Other services'}",brand_awareness,0.8518518518518519
I0ZqXv8KsJc.mp4,success,"{'brand_name_text': 'NESCAFÉ', 'logo_visible': True, 'logo_timestamps': [12.9, 30.9, 32.5, 34.4, 37.4, 39.3, 44.0, 49.4, 51.4, 55.0, 56.9], 'brand_text_contrast': 'high'}","{'product_name': 'NESCAFÉ Coffee', 'industry': 'Coffee, tea'}",brand_awareness,0.8
I0dq4sTLcIc.mp4,success,"{'brand_name_text': 'Finish Line', 'logo_visible': True, 'logo_timestamps': [0.0, 2.2, 3.4, 4.2, 5.3, 6.2, 6.8, 7.3, 7.7, 8.7, 11.8, 13.7, 13.8], 'brand_text_contrast': 'medium'}","{'product_name': 'Athletic footwear and apparel', 'industry': 'Clothing and accessories'}",brand_awareness,0.8169014084507042
I4kNl7cQdcU.mp4,success,"{'brand_name_text': 'Folgers', 'logo_visible': True, 'logo_timestamps': [20.9, 21.8, 22.2, 23.2, 58.7, 60.8], 'brand_text_contrast': 'high'}","{'product_name': 'Coffee', 'industry': 'Food & Beverage'}",brand_awareness,0.8765432098765432
I6COwgigJ-g.mp4,success,"{'brand_name_text': 'Google', 'logo_visible': True, 'logo_timestamps': [16.9], 'brand_text_contrast': 'high'}","{'product_name': 'Nexus One', 'industry': 'Technology'}",product_demo,0.883495145631068
IDAr48u3BB0.mp4,success,"{'brand_name_text': 'PUCCIARE', 'logo_visible': True, 'logo_timestamps': [39.0, 40.2, 40.4, 41.8, 44.5], 'brand_text_contrast': 'medium'}","{'product_name': 'Pucciare Dog Food', 'industry': 'Pet food'}",entertainment,0.8898678414096917
IDumJG4RXt8.mp4,success,"{'brand_name_text': 'EA SPORTS', 'logo_visible': True, 'logo_timestamps': [85.7, 88.8, 92.2, 93.2], 'brand_text_contrast': 'high'}","{'product_name': 'NHL 16', 'industry': 'Games and toys'}",entertainment,0.8723404255319149
IOqTCaziZp0.mp4,success,"{'brand_name_text': 'REEBOK', 'logo_visible': True, 'logo_timestamps': [55.2], 'brand_text_contrast': 'medium'}","{'product_name': 'Reebok I3 basketball shoes', 'industry': 'Clothing and accessories'}",brand_awareness,0.7669172932330828
IT_MbDpfOBE.mp4,success,"{'brand_name_text': 'CLASH OF KINGS', 'logo_visible': True, 'logo_timestamps': [12.7, 13.1, 13.8], 'brand_text_contrast': 'high'}","{'product_name': 'Clash of Kings', 'industry': 'Games and toys'}",entertainment,0.6595744680851063
ITyeI3YyYw8.mp4,success,"{'brand_name_text': 'HARVEY NICHOLS', 'logo_visible': True, 'logo_timestamps': [15.3, 58.1, 81.3, 90.0], 'brand_text_contrast': 'high'}","{'product_name': 'Sorry, I Spent It On Myself Gift Collection', 'industry': 'Shopping'}",entertainment,0.6376811594202898
IZrrEBD-KjY.mp4,success,"{'brand_name_text': 'DRAGON CITY', 'logo_visible': True, 'logo_timestamps': [0.1, 1.8, 22.3, 24.1], 'brand_text_contrast': 'high'}","{'product_name': 'Dragon City', 'industry': 'Games and toys'}",product_demo,0.9139784946236559
I_WGI3y2jqM.mp4,success,"{'brand_name_text': 'Gatorade', 'logo_visible': True, 'logo_timestamps': [69.4], 'brand_text_contrast': 'high'}","{'product_name': 'Gatorade', 'industry': 'food & beverage'}",brand_awareness,0.7016129032258065
IhdJkFH7K38.mp4,success,"{'brand_name_text': 'Paramount', 'logo_visible': True, 'logo_timestamps': [2.4, 28.2], 'brand_text_contrast': 'high'}","{'product_name': '10 Cloverfield Lane', 'industry': 'Media and arts'}",entertainment,0.8
IqlrxA2Atdg.mp4,success,"{'brand_name_text': 'EntoGenex, MOSTI, InnoBio', 'logo_visible': True, 'logo_timestamps': [25.4], 'brand_text_contrast': 'high'}","{'product_name': 'Kit Rumah Perlindungan Lengkap Denggi', 'industry': 'Healthcare'}",brand_awareness,0.8294573643410853
ItX7H66gsrQ.mp4,success,"{'brand_name_text': 'FABLETICS', 'logo_visible': True, 'logo_timestamps': [2.0, 3.0, 9.3, 10.7, 11.6, 17.9, 20.2, 23.5, 24.6, 25.6, 28.8], 'brand_text_contrast': 'high'}","{'product_name': 'Activewear', 'industry': 'Clothing and accessories'}",entertainment,0.6875
IvNkGm8mxiM.mp4,success,"{'brand_name_text': 'Paramount Pictures, Bad Robot', 'logo_visible': True, 'logo_timestamps': [5.0, 6.5, 7.5, 109.0, 109.8], 'brand_text_contrast': 'high'}","{'product_name': 'Cloverfield (Movie Trailer)', 'industry': 'Media and arts'}",entertainment,0.7891566265060241
Iyf5b3uglUc.mp4,success,"{'brand_name_text': '4imprint', 'logo_visible': True, 'logo_timestamps': [0.0, 5.2, 8.8, 10.3, 11.1, 14.2, 15.4], 'brand_text_contrast': 'high'}","{'product_name': 'promotional products', 'industry': 'Other services'}",entertainment,0.7222222222222222
J-QipXhQM5M.mp4,success,"{'brand_name_text': 'teen.smokefree.gov', 'logo_visible': True, 'logo_timestamps': [27.4], 'brand_text_contrast': 'high'}","{'product_name': 'SmokefreeTXT', 'industry': 'Healthcare'}",brand_awareness,0.75
J2pIvg-2vEY.mp4,success,"{'brand_name_text': 'Wrangler', 'logo_visible': True, 'logo_timestamps': [0.0, 0.2, 2.4, 4.0, 4.2, 25.4, 28.9, 30.1], 'brand_text_contrast': 'high'}","{'product_name': 'five-star premium denim jeans', 'industry': 'Clothing and accessories'}",brand_awareness,0.8125
J3POpdFlxWE.mp4,success,"{'brand_name_text': 'MEEROKEN.NL', 'logo_visible': True, 'logo_timestamps': [2.9, 30.6], 'brand_text_contrast': 'high'}","{'product_name': 'Second-hand smoke awareness', 'industry': 'Healthcare and medications'}",brand_awareness,0.7432432432432432
J7QKeV2-ghk.mp4,success,"{'brand_name_text': 'ideal image', 'logo_visible': False, 'logo_timestamps': [], 'brand_text_contrast': 'low'}","{'product_name': 'laser hair removal', 'industry': 'Beauty products and cosmetics'}",entertainment,0.6470588235294117
JDk3GQkTyN4.mp4,success,"{'brand_name_text': 'HAVELLS', 'logo_visible': True, 'logo_timestamps': [0.0, 3.8, 4.7, 5.6, 6.5, 8.8, 10.4, 11.3, 12.2, 17.2, 18.9, 20.7, 26.6, 31.9, 39.7, 40.7, 42.5, 43.3, 44.1, 45.1, 46.3, 46.8, 47.1, 48.1, 50.1, 52.1, 53.5, 57.6, 62.5, 63.5, 64.2, 66.0, 69.5, 74.0], 'brand_text_contrast': 'high'}","{'product_name': 'Fire-resistant wires', 'industry': 'Electrical Equipment'}",brand_awareness,0.6091954022988506
JOJ01KXTw-A.mp4,success,"{'brand_name_text': ""DICK'S SPORTING GOODS"", 'logo_visible': True, 'logo_timestamps': [59.4], 'brand_text_contrast': 'high'}","{'product_name': 'Sports equipment and apparel', 'industry': 'Retail'}",brand_awareness,0.8429319371727748
JOOfRE4m7PE.mp4,success,"{'brand_name_text': 'Deluxe NIRODH', 'logo_visible': True, 'logo_timestamps': [5.8, 7.5, 8.8, 9.6, 11.2, 13.7, 14.7, 15.7, 17.2, 18.6, 19.1, 19.6, 20.5, 21.3, 22.6, 23.2, 24.1, 24.6, 25.9, 28.6, 29.4, 30.9, 31.6, 32.5, 34.4, 35.3, 36.2, 36.4, 37.2, 38.0, 38.6, 39.3, 39.6, 40.2, 41.5, 42.2, 42.4, 44.0, 44.5, 44.9, 45.4, 45.6, 46.5, 47.1, 47.3, 48.1, 49.0, 51.1, 51.6, 55.8, 56.9, 57.6, 59.2, 60.4, 62.5, 66.1, 67.1, 67.4], 'brand_text_contrast': 'medium'}","{'product_name': 'Deluxe NIRODH condoms', 'industry': 'Healthcare and medications'}",entertainment,0.694300518134715
JYu3LjgnT9s.mp4,success,"{'brand_name_text': 'ADVENTURES IN TEA-TIME', 'logo_visible': False, 'logo_timestamps': [], 'brand_text_contrast': 'high'}","{'product_name': 'Afternoon tea products', 'industry': 'Food & Beverage'}",brand_awareness,0.7848101265822784
JdN1t1lMVxU.mp4,success,"{'brand_name_text': 'American Petroleum Institute (API)', 'logo_visible': True, 'logo_timestamps': [13.2], 'brand_text_contrast': 'medium'}","{'product_name': 'Domestic oil and natural gas production advocacy', 'industry': 'Energy'}",brand_awareness,0.8
JiOZ4Bz2d-Q.mp4,success,"{'brand_name_text': 'BUD LIGHT', 'logo_visible': True, 'logo_timestamps': [70.8, 75.1, 78.0], 'brand_text_contrast': 'high'}","{'product_name': 'Bud Light', 'industry': 'Alcohol'}",entertainment,0.75
JkBNmBQb5qY.mp4,success,"{'brand_name_text': 'UNDER ARMOUR', 'logo_visible': True, 'logo_timestamps': [57.4, 60.1], 'brand_text_contrast': 'high'}","{'product_name': 'basketball shoes and apparel', 'industry': 'Clothing and accessories'}",brand_awareness,0.8457142857142858
JnP2bVBZ9O8.mp4,success,"{'brand_name_text': 'Kids Help Phone', 'logo_visible': True, 'logo_timestamps': [37.0], 'brand_text_contrast': 'high'}","{'product_name': 'Kids Help Phone counseling service', 'industry': 'Charities'}",brand_awareness,0.8210526315789474
JndtG8Y7yfw.mp4,success,"{'brand_name_text': 'truth', 'logo_visible': True, 'logo_timestamps': [1.7, 3.0, 13.4, 22.8, 24.8, 26.4, 27.7, 31.6, 32.6, 36.8, 40.0, 43.6, 45.0, 47.5, 49.7, 52.1, 54.7, 57.3, 59.2, 61.5, 67.5, 70.9, 75.5, 80.0, 83.3, 86.1, 88.1, 91.5, 93.9, 94.7, 98.1, 104.5, 111.1], 'brand_text_contrast': 'medium'}","{'product_name': 'Anti-smoking campaign', 'industry': 'Healthcare and medications'}",brand_awareness,0.7893333333333333
Jr4gOCh_4Pw.mp4,success,"{'brand_name_text': 'smart', 'logo_visible': True, 'logo_timestamps': [0.0, 16.1, 18.9, 23.6], 'brand_text_contrast': 'high'}","{'product_name': 'smart forfour', 'industry': 'automotive'}",brand_awareness,0.6774193548387097
Jtakqt3Jygk.mp4,success,"{'brand_name_text': 'Beados Gems', 'logo_visible': True, 'logo_timestamps': [2.1, 3.0, 55.5, 56.3], 'brand_text_contrast': 'high'}","{'product_name': 'Beados Gems Studio', 'industry': 'Games and toys'}",product_demo,0.848605577689243
Jy36yeOO4ts.mp4,success,"{'brand_name_text': 'CLASH OF KINGS', 'logo_visible': True, 'logo_timestamps': [0.0, 0.7, 0.8, 1.5, 3.2, 4.3, 4.9, 5.2, 7.3, 8.8, 13.4], 'brand_text_contrast': 'high'}","{'product_name': 'Clash of Kings', 'industry': 'Games and toys'}",entertainment,0.875
K783SDTBKmg.mp4,success,"{'brand_name_text': 'Nintendo', 'logo_visible': True, 'logo_timestamps': [28.5], 'brand_text_contrast': 'high'}","{'product_name': 'Super Smash Bros.', 'industry': 'Games and toys'}",entertainment,0.9222614840989399
K8ddz3Bu4KI.mp4,success,"{'brand_name_text': 'Nike', 'logo_visible': True, 'logo_timestamps': [40.2, 42.2], 'brand_text_contrast': 'medium'}","{'product_name': 'Basketball apparel and footwear', 'industry': 'Clothing and accessories'}",brand_awareness,0.7037037037037037
KDuLZeVfYcg.mp4,success,"{'brand_name_text': 'Boomerang', 'logo_visible': True, 'logo_timestamps': [10.6, 25.1], 'brand_text_contrast': 'high'}","{'product_name': 'Boomerang auto insurance', 'industry': 'automotive'}",product_demo,0.8085106382978724
KE9bc5KskM8.mp4,success,"{'brand_name_text': 'Buck the Quo', 'logo_visible': True, 'logo_timestamps': [12.2, 84.4], 'brand_text_contrast': 'high'}","{'product_name': 'Career and future planning service', 'industry': 'Education'}",entertainment,0.782608695652174
KGr_KFiCX4s.mp4,success,"{'brand_name_text': 'facemoods', 'logo_visible': True, 'logo_timestamps': [0.0, 2.4, 86.5], 'brand_text_contrast': 'high'}","{'product_name': 'Online safety awareness', 'industry': 'Software'}",entertainment,0.8235294117647058
KKKOpKvk9Ok.mp4,success,"{'brand_name_text': 'Seriously', 'logo_visible': True, 'logo_timestamps': [28.8, 32.6, 34.2, 35.6, 65.7], 'brand_text_contrast': 'medium'}","{'product_name': 'Best Fiends', 'industry': 'Games and toys'}",entertainment,0.8253968253968254
KObDkEBwuTc.mp4,success,"{'brand_name_text': 'Pepsi', 'logo_visible': True, 'logo_timestamps': [24.1, 24.4, 24.9, 26.1, 33.5, 34.7, 36.6, 38.1, 40.3, 43.0, 50.2, 50.6, 51.1, 52.5, 54.8, 57.0, 57.6, 59.4, 61.0, 62.8, 64.4, 65.3, 68.0, 70.0, 70.5, 70.9, 71.5, 79.1, 85.8], 'brand_text_contrast': 'high'}","{'product_name': 'Pepsi', 'industry': 'food & beverage'}",brand_awareness,0.8575342465753425
KQCbke3pps8.mp4,success,"{'brand_name_text': 'Fazlee', 'logo_visible': True, 'logo_timestamps': [42.9, 46.4, 47.6, 50.1], 'brand_text_contrast': 'high'}","{'product_name': 'Fazlee Mango Juice', 'industry': 'food & beverage'}",entertainment,0.7257142857142858
KShkhIXdf1Y.mp4,success,"{'brand_name_text': 'A55FILMS.com', 'logo_visible': True, 'logo_timestamps': [2.0], 'brand_text_contrast': 'high'}","{'product_name': 'Viagra', 'industry': 'Healthcare and medications'}",entertainment,0.83
KT_155-ROy0.mp4,success,"{'brand_name_text': 'ไทย ประกันชีวิต', 'logo_visible': True, 'logo_timestamps': [70.7], 'brand_text_contrast': 'medium'}","{'product_name': 'Life Insurance', 'industry': 'Financial services'}",brand_awareness,0.6176470588235294
KY82nmR7U4o.mp4,success,"{'brand_name_text': 'KNOCKERBALL', 'logo_visible': True, 'logo_timestamps': [4.3, 7.0, 13.9, 15.7, 15.8, 16.2, 16.3, 17.0, 18.9, 19.9, 20.0, 20.7, 21.1, 21.8, 22.1, 23.4, 23.6, 23.9, 25.4, 25.7, 26.6, 27.7, 27.9, 28.7, 28.9, 29.9, 30.6, 31.2, 31.6, 32.6, 36.6, 37.9, 38.0, 40.3, 41.5, 41.8, 42.9, 43.9, 44.2, 45.9, 46.6, 47.7, 48.4, 50.4, 53.8, 54.0, 55.0, 55.7, 59.1], 'brand_text_contrast': 'high'}","{'product_name': 'Knockerball inflatable bubble suits', 'industry': 'Sports equipment and activities'}",product_demo,0.8131147540983606
KZMYWAW-5Js.mp4,success,"{'brand_name_text': 'Clash of Clans', 'logo_visible': False, 'logo_timestamps': [], 'brand_text_contrast': 'medium'}","{'product_name': 'Clash of Clans', 'industry': 'technology'}",entertainment,0.9180327868852459
KaxwXegbgug.mp4,success,"{'brand_name_text': None, 'logo_visible': False, 'logo_timestamps': [], 'brand_text_contrast': 'low'}","{'product_name': 'Anti-smoking PSA', 'industry': 'Healthcare'}",testimonial,0.8360655737704918
KbmJLVrFvuc.mp4,success,"{'brand_name_text': 'Interactive Brokers', 'logo_visible': False, 'logo_timestamps': [], 'brand_text_contrast': 'low'}","{'product_name': 'Trading services', 'industry': 'Financial services'}",brand_awareness,0.8524590163934427
KjpVMX3wcJQ.mp4,success,"{'brand_name_text': 'Nice Day! Coffee', 'logo_visible': True, 'logo_timestamps': [23.5, 25.8, 28.3, 31.3], 'brand_text_contrast': 'high'}","{'product_name': 'Nice Day! Coffee (Slim, Cleanse, White)', 'industry': 'Coffee, tea'}",brand_awareness,0.6226415094339622
Kk6Bi23Q7-E.mp4,success,"{'brand_name_text': 'Aaj Tak', 'logo_visible': True, 'logo_timestamps': [51.0], 'brand_text_contrast': 'high'}","{'product_name': 'News Channel', 'industry': 'Media'}",brand_awareness,0.8066666666666666
KsdD1MJXOpk.mp4,success,"{'brand_name_text': 'Ballboys', 'logo_visible': True, 'logo_timestamps': [1.9, 68.2, 68.3], 'brand_text_contrast': 'high'}","{'product_name': 'Testicular cancer awareness', 'industry': 'Healthcare'}",tutorial,0.9038461538461539
KtkfE_OWSzo.mp4,success,"{'brand_name_text': 'SMITHS CRISPS', 'logo_visible': True, 'logo_timestamps': [28.6, 29.9, 37.9], 'brand_text_contrast': 'high'}","{'product_name': 'Ready Salted Crisps', 'industry': 'Chips, snacks, nuts, fruit, gum, cereal, yogurt, soups'}",entertainment,0.9487179487179487
KuNcSp2T4Lw.mp4,success,"{'brand_name_text': 'INVICTUS GAMES', 'logo_visible': True, 'logo_timestamps': [0.0, 4.3, 12.8, 24.1, 36.2], 'brand_text_contrast': 'high'}","{'product_name': 'Invictus Games Orlando 2016', 'industry': 'Charities'}",brand_awareness,0.7297297297297297
Kx48dmDB28U.mp4,success,"{'brand_name_text': 'Theravent', 'logo_visible': True, 'logo_timestamps': [21.6, 42.0, 54.9, 55.2], 'brand_text_contrast': 'high'}","{'product_name': 'Theravent Advanced Nightly Snore Therapy', 'industry': 'Healthcare'}",product_demo,0.8173076923076923
KyiV12WdJew.mp4,success,"{'brand_name_text': 'Orbit Gum', 'logo_visible': True, 'logo_timestamps': [30.4, 37.2], 'brand_text_contrast': 'high'}","{'product_name': 'Orbit Maui Melon Mint', 'industry': 'food & beverage'}",entertainment,0.6962025316455696
L0KmvWL6Dfw.mp4,success,"{'brand_name_text': 'Diet Coke', 'logo_visible': True, 'logo_timestamps': [1.0, 1.8, 14.3, 15.7, 29.4], 'brand_text_contrast': 'high'}","{'product_name': 'Diet Coke', 'industry': 'food & beverage'}",brand_awareness,0.76
L4mP9pR-mzU.mp4,success,"{'brand_name_text': 'SNICKERS', 'logo_visible': True, 'logo_timestamps': [24.4], 'brand_text_contrast': 'high'}","{'product_name': 'Snickers chocolate bar', 'industry': 'Food & Beverage'}",entertainment,0.6585365853658536
L4t-fCKQCP4.mp4,success,"{'brand_name_text': 'SYSTEM BOLAGET', 'logo_visible': True, 'logo_timestamps': [57.5], 'brand_text_contrast': 'high'}","{'product_name': 'Systembolaget retail concept', 'industry': 'Alcohol retail'}",brand_awareness,0.6608695652173913
L7bHdo2DJHY.mp4,success,"{'brand_name_text': None, 'logo_visible': False, 'logo_timestamps': [], 'brand_text_contrast': 'low'}","{'product_name': 'Anti-smoking awareness', 'industry': 'Healthcare'}",testimonial,0.6363636363636364
LD1NnIZocrM.mp4,success,"{'brand_name_text': 'Millennium Films, G-BASE, Gramercy', 'logo_visible': True, 'logo_timestamps': [14.2, 14.8], 'brand_text_contrast': 'medium'}","{'product_name': 'London Has Fallen', 'industry': 'Media and arts'}",entertainment,0.7454545454545455
LEc-35QNaoM.mp4,success,"{'brand_name_text': 'JOHN GREYTOK', 'logo_visible': True, 'logo_timestamps': [20.9], 'brand_text_contrast': 'high'}","{'product_name': 'John Greytok for Texas Railroad Commissioner', 'industry': 'Political'}",brand_awareness,0.88
LI3KRcGEkZg.mp4,success,"{'brand_name_text': 'Wilson Staff', 'logo_visible': True, 'logo_timestamps': [5.5, 11.9, 12.5, 13.7, 14.7, 16.4, 16.7, 18.4, 21.6, 23.1, 23.9, 24.1, 31.9, 33.7, 34.1, 36.5, 38.1, 40.5, 41.7, 46.0, 48.6, 49.1, 49.6, 54.2], 'brand_text_contrast': 'medium'}","{'product_name': 'Golf clubs and bags', 'industry': 'Sports equipment'}",brand_awareness,0.7744360902255639
LLrTPrp-fW8.mp4,success,"{'brand_name_text': 'Chiffon', 'logo_visible': True, 'logo_timestamps': [22.5, 29.9], 'brand_text_contrast': 'high'}","{'product_name': 'Chiffon Margarine', 'industry': 'food & beverage'}",brand_awareness,0.9203539823008849
LPa_NGIIn0c.mp4,success,"{'brand_name_text': 'KIWI', 'logo_visible': True, 'logo_timestamps': [57.2], 'brand_text_contrast': 'high'}","{'product_name': 'Kiwi Shoe Polish', 'industry': 'Clothing and accessories'}",entertainment,0.8711340206185567
LQqyDj7RX6Y.mp4,success,"{'brand_name_text': 'Faygo', 'logo_visible': True, 'logo_timestamps': [17.6, 56.0, 59.9], 'brand_text_contrast': 'high'}","{'product_name': 'Faygo Soda', 'industry': 'Food & Beverage'}",brand_awareness,0.9575892857142857
LRgqD7JgF-U.mp4,success,"{'brand_name_text': 'flipkart', 'logo_visible': True, 'logo_timestamps': [77.8, 82.7], 'brand_text_contrast': 'high'}","{'product_name': 'Flipkart Sports Sale', 'industry': 'Retail'}",entertainment,0.8680555555555556
LUOJSnR9z3k.mp4,success,"{'brand_name_text': 'Audi', 'logo_visible': True, 'logo_timestamps': [20.5], 'brand_text_contrast': 'high'}","{'product_name': 'Audi cars', 'industry': 'automotive'}",brand_awareness,0.8846153846153846
LVrQmgihkQI.mp4,success,"{'brand_name_text': 'Rebtel', 'logo_visible': True, 'logo_timestamps': [81.2], 'brand_text_contrast': 'high'}","{'product_name': 'Internet-free international calling', 'industry': 'Telecommunications'}",entertainment,0.6878612716763006
LfdiClhlLZk.mp4,success,"{'brand_name_text': 'HARVEY NICHOLS', 'logo_visible': True, 'logo_timestamps': [5.0, 7.0, 8.4, 8.8, 63.3, 89.2], 'brand_text_contrast': 'high'}","{'product_name': 'The Rewards App', 'industry': 'Retail'}",entertainment,0.7982456140350878
Lgitw016T44.mp4,success,"{'brand_name_text': None, 'logo_visible': False, 'logo_timestamps': [], 'brand_text_contrast': 'low'}","{'product_name': 'Autumn Clothing Collection', 'industry': 'Clothing and accessories'}",brand_awareness,0.5955882352941176
LhGJvGhIzaw.mp4,success,"{'brand_name_text': 'TaB', 'logo_visible': True, 'logo_timestamps': [2.5, 5.5, 9.1, 12.7, 15.6, 22.9, 25.9], 'brand_text_contrast': 'high'}","{'product_name': 'Tab Cola', 'industry': 'Soda, juice, milk, energy drinks, water'}",brand_awareness,0.9375
LjBIJGMum9A.mp4,success,"{'brand_name_text': 'Academy SPORTS+OUTDOORS', 'logo_visible': True, 'logo_timestamps': [0.0, 4.0, 4.2, 5.7, 9.3, 10.0, 11.1, 12.5, 13.2, 14.2, 15.0, 16.8, 17.4, 18.8, 22.1, 28.1, 30.1, 30.6, 33.1, 34.9, 36.4, 39.9, 42.6, 44.7, 47.3, 48.7, 50.8, 51.5, 52.5, 54.8, 56.2, 56.8, 59.0, 64.2], 'brand_text_contrast': 'high'}","{'product_name': 'Sports and outdoor equipment', 'industry': 'Sports equipment and activities'}",brand_awareness,0.8275862068965517
LlZz3WNbOkw.mp4,success,"{'brand_name_text': 'LUBBOCK', 'logo_visible': True, 'logo_timestamps': [26.1], 'brand_text_contrast': 'high'}","{'product_name': 'Lubbock Wine Tourism', 'industry': 'Vacation and travel'}",brand_awareness,0.7222222222222222
LpjojQea7Lw.mp4,success,"{'brand_name_text': 'Orbit', 'logo_visible': True, 'logo_timestamps': [23.9, 25.5, 27.2], 'brand_text_contrast': 'high'}","{'product_name': 'Orbit Raspberry Mint', 'industry': 'food & beverage'}",entertainment,0.8275862068965517
LxK743gc0PI.mp4,success,"{'brand_name_text': 'Bupa', 'logo_visible': True, 'logo_timestamps': [27.3], 'brand_text_contrast': 'high'}","{'product_name': 'Cancer Survivorship Programme', 'industry': 'Healthcare'}",brand_awareness,0.775
M-XIMtd8ilM.mp4,success,"{'brand_name_text': 'HEART OF Vegas', 'logo_visible': True, 'logo_timestamps': [2.7, 11.8], 'brand_text_contrast': 'high'}","{'product_name': 'Heart of Vegas', 'industry': 'Games and toys'}",product_demo,0.9347826086956522
M4dTKckmLwE.mp4,success,"{'brand_name_text': 'ESPN', 'logo_visible': True, 'logo_timestamps': [28.1], 'brand_text_contrast': 'high'}","{'product_name': 'SportsCenter', 'industry': 'Media and arts'}",entertainment,0.8493150684931507
M7cUYVviK50.mp4,success,"{'brand_name_text': 'AMERIQUEST MORTGAGE COMPANY', 'logo_visible': True, 'logo_timestamps': [26.6], 'brand_text_contrast': 'high'}","{'product_name': 'Mortgage Services', 'industry': 'Financial services'}",entertainment,0.6491228070175439
ML160wA9mME.mp4,success,"{'brand_name_text': 'Sprite', 'logo_visible': True, 'logo_timestamps': [22.7], 'brand_text_contrast': 'high'}","{'product_name': 'Sprite', 'industry': 'food & beverage'}",entertainment,0.7966101694915254
